-- Insert the room data into the space table and the room table
INSERT INTO space (id, name, minReqGrp, minBookGrp) VALUES
    ('K-K17-B01', 'K17 CSE Basement', 'csestaff', 'admin'),
    ('K-K17-B02', 'K17 CSE Basement Board Room', 'csestaff', 'admin'),
    ('K-K17-G01', 'K17 Room G01', 'hdr', 'admin'),
    ('K-K17-G02', 'K17 Room G02', 'hdr', 'admin'),
    ('K-K17-103', 'K17 Room 103', 'csestaff', 'admin'),
    ('K-K17-113', 'K17 Room 113', 'csestaff', 'admin'),
    ('K-K17-201B', 'K17 Room 201-B', 'csestaff', 'admin'),
    ('K-K17-302', 'K17 Room 302', 'csestaff', 'admin'),
    ('K-K17-401K', 'K17 Room 401 K', 'csestaff', 'admin'),
    ('K-K17-402', 'K17 Room 402', 'hdr', 'admin'),
    ('K-K17-403', 'K17 Room 403', 'hdr', 'admin'),
    ('K-K17-501M', 'K17 Room 501M', 'csestaff', 'admin'),
    ('K-K17-508', 'K17 Room 508', 'csestaff', 'admin'),
    ('K-J17-504', 'J17 Design Next Studio', 'csestaff', 'admin');

INSERT INTO room (id, capacity, roomNumber, type) VALUES
    ('K-K17-B01', 100, 'B01', 'Seminar Room'),
    ('K-K17-B02', 12, 'B02', 'Meeting Room'),
    ('K-K17-G01', 3, 'G01', 'Consultation Room'),
    ('K-K17-G02', 3, 'G02', 'Consultation Room'),
    ('K-K17-103', 8, '103', 'Meeting Room'),
    ('K-K17-113', 90, '113', 'Seminar Room'),
    ('K-K17-201B', 14, '201B', 'Meeting Room'),
    ('K-K17-302', 15, '302', 'Meeting Room'),
    ('K-K17-401K', 15, '401K', 'Meeting Room'),
    ('K-K17-402', 5, '402', 'Conference Room'),
    ('K-K17-403', 5, '403', 'Conference Room'),
    ('K-K17-501M', 15, '501M', 'Meeting Room'),
    ('K-K17-508', 6, '508', 'Conference Room'),
    ('K-J17-504', 110, '504', 'Seminar Room');

INSERT INTO space (id, name, minReqGrp, minBookGrp) VALUES
('K-K17-201-1', 'K17 201 Desk 1', 'hdr', 'hdr'),
('K-K17-201-2', 'K17 201 Desk 2', 'hdr', 'hdr'),
('K-K17-201-3', 'K17 201 Desk 3', 'hdr', 'hdr'),
('K-K17-201-4', 'K17 201 Desk 4', 'hdr', 'hdr'),
('K-K17-201-5', 'K17 201 Desk 5', 'hdr', 'hdr'),
('K-K17-201-6', 'K17 201 Desk 6', 'hdr', 'hdr'),
('K-K17-201-7', 'K17 201 Desk 7', 'hdr', 'hdr'),
('K-K17-201-8', 'K17 201 Desk 8', 'hdr', 'hdr'),
('K-K17-201-9', 'K17 201 Desk 9', 'hdr', 'hdr'),
('K-K17-201-10', 'K17 201 Desk 10', 'hdr', 'hdr'),
('K-K17-201-11', 'K17 201 Desk 11', 'hdr', 'hdr'),
('K-K17-201-12', 'K17 201 Desk 12', 'hdr', 'hdr'),
('K-K17-201-13', 'K17 201 Desk 13', 'hdr', 'hdr'),
('K-K17-201-14', 'K17 201 Desk 14', 'hdr', 'hdr'),
('K-K17-201-15', 'K17 201 Desk 15', 'hdr', 'hdr'),
('K-K17-201-16', 'K17 201 Desk 16', 'hdr', 'hdr'),
('K-K17-201-17', 'K17 201 Desk 17', 'hdr', 'hdr'),
('K-K17-201-18', 'K17 201 Desk 18', 'hdr', 'hdr'),
('K-K17-201-19', 'K17 201 Desk 19', 'hdr', 'hdr'),
('K-K17-201-20', 'K17 201 Desk 20', 'hdr', 'hdr'),
('K-K17-201-21', 'K17 201 Desk 21', 'hdr', 'hdr'),
('K-K17-201-22', 'K17 201 Desk 22', 'hdr', 'hdr'),
('K-K17-201-23', 'K17 201 Desk 23', 'hdr', 'hdr'),
('K-K17-201-24', 'K17 201 Desk 24', 'hdr', 'hdr'),
('K-K17-201-25', 'K17 201 Desk 25', 'hdr', 'hdr'),
('K-K17-201-26', 'K17 201 Desk 26', 'hdr', 'hdr'),
('K-K17-201-27', 'K17 201 Desk 27', 'hdr', 'hdr'),
('K-K17-201-28', 'K17 201 Desk 28', 'hdr', 'hdr'),
('K-K17-201-29', 'K17 201 Desk 29', 'hdr', 'hdr'),
('K-K17-201-30', 'K17 201 Desk 30', 'hdr', 'hdr'),
('K-K17-201-31', 'K17 201 Desk 31', 'hdr', 'hdr'),
('K-K17-201-32', 'K17 201 Desk 32', 'hdr', 'hdr'),
('K-K17-201-33', 'K17 201 Desk 33', 'hdr', 'hdr'),
('K-K17-201-34', 'K17 201 Desk 34', 'hdr', 'hdr'),
('K-K17-201-35', 'K17 201 Desk 35', 'hdr', 'hdr'),

('K-K17-217-1', 'K17 217 Desk 1', 'hdr', 'hdr'),
('K-K17-217-2', 'K17 217 Desk 2', 'hdr', 'hdr'),
('K-K17-217-3', 'K17 217 Desk 3', 'hdr', 'hdr'),
('K-K17-217-4', 'K17 217 Desk 4', 'hdr', 'hdr'),
('K-K17-217-5', 'K17 217 Desk 5', 'hdr', 'hdr'),
('K-K17-217-6', 'K17 217 Desk 6', 'hdr', 'hdr'),
('K-K17-217-7', 'K17 217 Desk 7', 'hdr', 'hdr'),
('K-K17-217-8', 'K17 217 Desk 8', 'hdr', 'hdr'),
('K-K17-217-9', 'K17 217 Desk 9', 'hdr', 'hdr'),
('K-K17-217-10', 'K17 217 Desk 10', 'hdr', 'hdr'),
('K-K17-217-11', 'K17 217 Desk 11', 'hdr', 'hdr'),
('K-K17-217-12', 'K17 217 Desk 12', 'hdr', 'hdr'),
('K-K17-217-13', 'K17 217 Desk 13', 'hdr', 'hdr'),
('K-K17-217-14', 'K17 217 Desk 14', 'hdr', 'hdr'),
('K-K17-217-15', 'K17 217 Desk 15', 'hdr', 'hdr'),
('K-K17-217-16', 'K17 217 Desk 16', 'hdr', 'hdr'),
('K-K17-217-17', 'K17 217 Desk 17', 'hdr', 'hdr'),
('K-K17-217-18', 'K17 217 Desk 18', 'hdr', 'hdr'),

('K-K17-301-1', 'K17 301 Desk 1', 'hdr', 'hdr'),
('K-K17-301-2', 'K17 301 Desk 2', 'hdr', 'hdr'),
('K-K17-301-3', 'K17 301 Desk 3', 'hdr', 'hdr'),
('K-K17-301-4', 'K17 301 Desk 4', 'hdr', 'hdr'),
('K-K17-301-5', 'K17 301 Desk 5', 'hdr', 'hdr'),
('K-K17-301-6', 'K17 301 Desk 6', 'hdr', 'hdr'),
('K-K17-301-7', 'K17 301 Desk 7', 'hdr', 'hdr'),
('K-K17-301-8', 'K17 301 Desk 8', 'hdr', 'hdr'),
('K-K17-301-9', 'K17 301 Desk 9', 'hdr', 'hdr'),
('K-K17-301-10', 'K17 301 Desk 10', 'hdr', 'hdr'),
('K-K17-301-11', 'K17 301 Desk 11', 'hdr', 'hdr'),
('K-K17-301-12', 'K17 301 Desk 12', 'hdr', 'hdr'),
('K-K17-301-13', 'K17 301 Desk 13', 'hdr', 'hdr'),
('K-K17-301-14', 'K17 301 Desk 14', 'hdr', 'hdr'),
('K-K17-301-15', 'K17 301 Desk 15', 'hdr', 'hdr'),
('K-K17-301-16', 'K17 301 Desk 16', 'hdr', 'hdr'),

('K-K17-301K-45', 'K17 301K Desk 45', 'hdr', 'hdr'),
('K-K17-301K-46', 'K17 301K Desk 46', 'hdr', 'hdr'),
('K-K17-301K-47', 'K17 301K Desk 47', 'hdr', 'hdr'),
('K-K17-301K-48', 'K17 301K Desk 48', 'hdr', 'hdr'),
('K-K17-301K-49', 'K17 301K Desk 49', 'hdr', 'hdr'),
('K-K17-301K-50', 'K17 301K Desk 50', 'hdr', 'hdr'),

('K-K17-401-1', 'K17 401 Desk 1', 'hdr', 'hdr'),
('K-K17-401-2', 'K17 401 Desk 2', 'hdr', 'hdr'),
('K-K17-401-3', 'K17 401 Desk 3', 'hdr', 'hdr'),
('K-K17-401-4', 'K17 401 Desk 4', 'hdr', 'hdr'),
('K-K17-401-5', 'K17 401 Desk 5', 'hdr', 'hdr'),
('K-K17-401-6', 'K17 401 Desk 6', 'hdr', 'hdr'),
('K-K17-401-7', 'K17 401 Desk 7', 'hdr', 'hdr'),
('K-K17-401-8', 'K17 401 Desk 8', 'hdr', 'hdr'),
('K-K17-401-9', 'K17 401 Desk 9', 'hdr', 'hdr'),
('K-K17-401-10', 'K17 401 Desk 10', 'hdr', 'hdr'),
('K-K17-401-11', 'K17 401 Desk 11', 'hdr', 'hdr'),
('K-K17-401-12', 'K17 401 Desk 12', 'hdr', 'hdr'),
('K-K17-401-13', 'K17 401 Desk 13', 'hdr', 'hdr'),
('K-K17-401-14', 'K17 401 Desk 14', 'hdr', 'hdr'),
('K-K17-401-15', 'K17 401 Desk 15', 'hdr', 'hdr'),
('K-K17-401-16', 'K17 401 Desk 16', 'hdr', 'hdr'),
('K-K17-401-17', 'K17 401 Desk 17', 'hdr', 'hdr'),
('K-K17-401-18', 'K17 401 Desk 18', 'hdr', 'hdr'),
('K-K17-401-19', 'K17 401 Desk 19', 'hdr', 'hdr'),
('K-K17-401-20', 'K17 401 Desk 20', 'hdr', 'hdr'),
('K-K17-401-21', 'K17 401 Desk 21', 'hdr', 'hdr'),
('K-K17-401-22', 'K17 401 Desk 22', 'hdr', 'hdr'),
('K-K17-401-23', 'K17 401 Desk 23', 'hdr', 'hdr'),
('K-K17-401-24', 'K17 401 Desk 24', 'hdr', 'hdr'),
('K-K17-401-25', 'K17 401 Desk 25', 'hdr', 'hdr'),
('K-K17-401-26', 'K17 401 Desk 26', 'hdr', 'hdr'),
('K-K17-401-27', 'K17 401 Desk 27', 'hdr', 'hdr'),
('K-K17-401-28', 'K17 401 Desk 28', 'hdr', 'hdr'),
('K-K17-401-29', 'K17 401 Desk 29', 'hdr', 'hdr'),
('K-K17-401-30', 'K17 401 Desk 30', 'hdr', 'hdr'),
('K-K17-401-31', 'K17 401 Desk 31', 'hdr', 'hdr'),
('K-K17-401-32', 'K17 401 Desk 32', 'hdr', 'hdr'),
('K-K17-401-33', 'K17 401 Desk 33', 'hdr', 'hdr'),
('K-K17-401-34', 'K17 401 Desk 34', 'hdr', 'hdr'),
('K-K17-401-35', 'K17 401 Desk 35', 'hdr', 'hdr'),
('K-K17-401-37', 'K17 401 Desk 37', 'hdr', 'hdr'),
('K-K17-401-38', 'K17 401 Desk 38', 'hdr', 'hdr'),
('K-K17-401-39', 'K17 401 Desk 39', 'hdr', 'hdr'),

('K-K17-412-1', 'K17 412 Desk 1', 'hdr', 'hdr'),
('K-K17-412-2', 'K17 412 Desk 2', 'hdr', 'hdr'),
('K-K17-412-3', 'K17 412 Desk 3', 'hdr', 'hdr'),
('K-K17-412-4', 'K17 412 Desk 4', 'hdr', 'hdr'),
('K-K17-412-5', 'K17 412 Desk 5', 'hdr', 'hdr'),
('K-K17-412-6', 'K17 412 Desk 6', 'hdr', 'hdr'),
('K-K17-412-7', 'K17 412 Desk 7', 'hdr', 'hdr'),
('K-K17-412-8', 'K17 412 Desk 8', 'hdr', 'hdr'),
('K-K17-412-9', 'K17 412 Desk 9', 'hdr', 'hdr'),
('K-K17-412-10', 'K17 412 Desk 10', 'hdr', 'hdr'),
('K-K17-412-11', 'K17 412 Desk 11', 'hdr', 'hdr'),
('K-K17-412-12', 'K17 412 Desk 12', 'hdr', 'hdr'),
('K-K17-412-13', 'K17 412 Desk 13', 'hdr', 'hdr'),
('K-K17-412-14', 'K17 412 Desk 14', 'hdr', 'hdr'),
('K-K17-412-15', 'K17 412 Desk 15', 'hdr', 'hdr'),
('K-K17-412-16', 'K17 412 Desk 16', 'hdr', 'hdr'),
('K-K17-412-17', 'K17 412 Desk 17', 'hdr', 'hdr'),
('K-K17-412-18', 'K17 412 Desk 18', 'hdr', 'hdr'),

('K-K17-501-1', 'K17 501 Desk 1', 'hdr', 'hdr'),
('K-K17-501-2', 'K17 501 Desk 2', 'hdr', 'hdr'),
('K-K17-501-3', 'K17 501 Desk 3', 'hdr', 'hdr'),
('K-K17-501-4', 'K17 501 Desk 4', 'hdr', 'hdr'),
('K-K17-501-5', 'K17 501 Desk 5', 'hdr', 'hdr'),
('K-K17-501-6', 'K17 501 Desk 6', 'hdr', 'hdr'),
('K-K17-501-7', 'K17 501 Desk 7', 'hdr', 'hdr'),
('K-K17-501-8', 'K17 501 Desk 8', 'hdr', 'hdr'),
('K-K17-501-9', 'K17 501 Desk 9', 'hdr', 'hdr'),
('K-K17-501-10', 'K17 501 Desk 10', 'hdr', 'hdr'),
('K-K17-501-11', 'K17 501 Desk 11', 'hdr', 'hdr'),
('K-K17-501-12', 'K17 501 Desk 12', 'hdr', 'hdr'),
('K-K17-501-13', 'K17 501 Desk 13', 'hdr', 'hdr'),
('K-K17-501-14', 'K17 501 Desk 14', 'hdr', 'hdr'),
('K-K17-501-15', 'K17 501 Desk 15', 'hdr', 'hdr'),
('K-K17-501-16', 'K17 501 Desk 16', 'hdr', 'hdr'),
('K-K17-501-17', 'K17 501 Desk 17', 'hdr', 'hdr'),
('K-K17-501-18', 'K17 501 Desk 18', 'hdr', 'hdr'),
('K-K17-501-19', 'K17 501 Desk 19', 'hdr', 'hdr'),
('K-K17-501-20', 'K17 501 Desk 20', 'hdr', 'hdr'),
('K-K17-501-21', 'K17 501 Desk 21', 'hdr', 'hdr'),
('K-K17-501-22', 'K17 501 Desk 22', 'hdr', 'hdr'),
('K-K17-501-23', 'K17 501 Desk 23', 'hdr', 'hdr'),
('K-K17-501-24', 'K17 501 Desk 24', 'hdr', 'hdr'),
('K-K17-501-25', 'K17 501 Desk 25', 'hdr', 'hdr'),
('K-K17-501-26', 'K17 501 Desk 26', 'hdr', 'hdr'),
('K-K17-501-27', 'K17 501 Desk 27', 'hdr', 'hdr'),
('K-K17-501-28', 'K17 501 Desk 28', 'hdr', 'hdr'),
('K-K17-501-29', 'K17 501 Desk 29', 'hdr', 'hdr'),
('K-K17-501-30', 'K17 501 Desk 30', 'hdr', 'hdr'),
('K-K17-501-31', 'K17 501 Desk 31', 'hdr', 'hdr'),
('K-K17-501-32', 'K17 501 Desk 32', 'hdr', 'hdr'),
('K-K17-501-33', 'K17 501 Desk 33', 'hdr', 'hdr'),
('K-K17-501-34', 'K17 501 Desk 34', 'hdr', 'hdr'),
('K-K17-501-35', 'K17 501 Desk 35', 'hdr', 'hdr'),
('K-K17-501-36', 'K17 501 Desk 36', 'hdr', 'hdr'),
('K-K17-501-37', 'K17 501 Desk 37', 'hdr', 'hdr'),
('K-K17-501-38', 'K17 501 Desk 38', 'hdr', 'hdr'),
('K-K17-501-39', 'K17 501 Desk 39', 'hdr', 'hdr'),
('K-K17-501-40', 'K17 501 Desk 40', 'hdr', 'hdr'),
('K-K17-501-41', 'K17 501 Desk 41', 'hdr', 'hdr'),
('K-K17-501-42', 'K17 501 Desk 42', 'hdr', 'hdr'),
('K-K17-501-43', 'K17 501 Desk 43', 'hdr', 'hdr'),

('K-K17-510-1', 'K17 510 Desk 1', 'hdr', 'hdr'),
('K-K17-510-2', 'K17 510 Desk 2', 'hdr', 'hdr'),
('K-K17-510-3', 'K17 510 Desk 3', 'hdr', 'hdr'),
('K-K17-510-4', 'K17 510 Desk 4', 'hdr', 'hdr'),
('K-K17-510-5', 'K17 510 Desk 5', 'hdr', 'hdr'),
('K-K17-510-6', 'K17 510 Desk 6', 'hdr', 'hdr'),
('K-K17-510-7', 'K17 510 Desk 7', 'hdr', 'hdr'),
('K-K17-510-8', 'K17 510 Desk 8', 'hdr', 'hdr'),
('K-K17-510-9', 'K17 510 Desk 9', 'hdr', 'hdr'),
('K-K17-510-10', 'K17 510 Desk 10', 'hdr', 'hdr'),
('K-K17-510-11', 'K17 510 Desk 11', 'hdr', 'hdr'),
('K-K17-510-12', 'K17 510 Desk 12', 'hdr', 'hdr'),
('K-K17-510-13', 'K17 510 Desk 13', 'hdr', 'hdr'),
('K-K17-510-14', 'K17 510 Desk 14', 'hdr', 'hdr'),
('K-K17-510-15', 'K17 510 Desk 15', 'hdr', 'hdr'),
('K-K17-510-16', 'K17 510 Desk 16', 'hdr', 'hdr'),
('K-K17-510-17', 'K17 510 Desk 17', 'hdr', 'hdr'),
('K-K17-510-18', 'K17 510 Desk 18', 'hdr', 'hdr');

-- Insert data into hotdesk table
INSERT INTO hotdesk (id, floor, xCoord, yCoord) VALUES
('K-K17-201-1', 'K17 L2', 250.2, 687.2),
('K-K17-201-2', 'K17 L2', 250.2, 728.4),
('K-K17-201-3', 'K17 L2', 250.2, 769.7),
('K-K17-201-4', 'K17 L2', 191.9, 769.7),
('K-K17-201-5', 'K17 L2', 191.9, 728.4),
('K-K17-201-6', 'K17 L2', 191.9, 687.2),
('K-K17-201-7', 'K17 L2', 156.2, 687.2),
('K-K17-201-8', 'K17 L2', 156.2, 728.4),
('K-K17-201-9', 'K17 L2', 248.1, 622.3),
('K-K17-201-10', 'K17 L2', 200.2, 622.3),
('K-K17-201-11', 'K17 L2', 200.2, 580.3),
('K-K17-201-12', 'K17 L2', 248.1, 580.3),
('K-K17-201-13', 'K17 L2', 248.1, 500.5),
('K-K17-201-14', 'K17 L2', 200.2, 500.5),
('K-K17-201-15', 'K17 L2', 79.6, 428.4),
('K-K17-201-16', 'K17 L2', 127.5, 428.4),
('K-K17-201-17', 'K17 L2', 200.2, 458.5),
('K-K17-201-18', 'K17 L2', 248.1, 458.5),
('K-K17-201-19', 'K17 L2', 248.1, 378.7),
('K-K17-201-20', 'K17 L2', 200.2, 378.7),
('K-K17-201-21', 'K17 L2', 140.6, 378.7),
('K-K17-201-22', 'K17 L2', 92.6, 378.7),
('K-K17-201-23', 'K17 L2', 92.6, 336.7),
('K-K17-201-24', 'K17 L2', 140.6, 336.7),
('K-K17-201-25', 'K17 L2', 200.2, 336.7),
('K-K17-201-26', 'K17 L2', 248.1, 336.7),
('K-K17-201-27', 'K17 L2', 254.4, 285.7),
('K-K17-201-28', 'K17 L2', 298.0, 278.9),
('K-K17-201-29', 'K17 L2', 345.7, 274.0),
('K-K17-201-30', 'K17 L2', 389.4, 267.2),
('K-K17-201-31', 'K17 L2', 117.6, 769.7),
('K-K17-201-32', 'K17 L2', 117.6, 728.4),
('K-K17-201-33', 'K17 L2', 81.9, 728.4),
('K-K17-201-34', 'K17 L2', 81.9, 769.7),
('K-K17-201-35', 'K17 L2', 156.2, 769.7),

('K-K17-217-1', 'K17 L2', 520.3, 686.8),
('K-K17-217-2', 'K17 L2', 520.3, 716.7),
('K-K17-217-3', 'K17 L2', 520.3, 746.6),
('K-K17-217-4', 'K17 L2', 557.6, 746.6),
('K-K17-217-5', 'K17 L2', 557.6, 716.7),
('K-K17-217-6', 'K17 L2', 557.6, 686.8),
('K-K17-217-7', 'K17 L2', 593.2, 686.8),
('K-K17-217-8', 'K17 L2', 593.2, 716.7),
('K-K17-217-9', 'K17 L2', 593.2, 746.6),
('K-K17-217-10', 'K17 L2', 631.3, 746.6),
('K-K17-217-11', 'K17 L2', 631.3, 716.7),
('K-K17-217-12', 'K17 L2', 631.3, 686.8),
('K-K17-217-13', 'K17 L2', 666.8, 686.8),
('K-K17-217-14', 'K17 L2', 666.8, 716.7),
('K-K17-217-15', 'K17 L2', 666.8, 746.6),
('K-K17-217-16', 'K17 L2', 704.9, 746.6),
('K-K17-217-17', 'K17 L2', 704.9, 716.7),
('K-K17-217-18', 'K17 L2', 704.9, 686.8),

('K-K17-301-1', 'K17 L3', 413.7, 379.2),
('K-K17-301-2', 'K17 L3', 413.7, 337.9),
('K-K17-301-3', 'K17 L3', 413.7, 296.7),
('K-K17-301-4', 'K17 L3', 378.0, 379.2),
('K-K17-301-5', 'K17 L3', 378.0, 337.9),
('K-K17-301-6', 'K17 L3', 378.0, 296.7),
('K-K17-301-7', 'K17 L3', 334.1, 362.2),
('K-K17-301-8', 'K17 L3', 334.1, 320.9),
('K-K17-301-9', 'K17 L3', 298.4, 362.2),
('K-K17-301-10', 'K17 L3', 298.4, 320.9),
('K-K17-301-11', 'K17 L3', 254.5, 379.2),
('K-K17-301-12', 'K17 L3', 254.5, 337.9),
('K-K17-301-13', 'K17 L3', 254.5, 296.7),
('K-K17-301-14', 'K17 L3', 218.8, 379.2),
('K-K17-301-15', 'K17 L3', 218.8, 337.9),
('K-K17-301-16', 'K17 L3', 218.8, 296.7),

('K-K17-301K-45', 'K17 L3', 617.0, 761.5),
('K-K17-301K-46', 'K17 L3', 617.0, 720.2),
('K-K17-301K-47', 'K17 L3', 656.6, 761.5),
('K-K17-301K-48', 'K17 L3', 656.6, 720.2),
('K-K17-301K-49', 'K17 L3', 692.3, 761.5),
('K-K17-301K-50', 'K17 L3', 692.3, 720.2),

('K-K17-401-1', 'K17 L4', 294.8, 326.1),
('K-K17-401-2', 'K17 L4', 253.5, 326.1),
('K-K17-401-3', 'K17 L4', 212.3, 326.1),
('K-K17-401-4', 'K17 L4', 294.8, 361.8),
('K-K17-401-5', 'K17 L4', 253.5, 361.8),
('K-K17-401-6', 'K17 L4', 212.3, 361.8),
('K-K17-401-7', 'K17 L4', 294.8, 404.5),
('K-K17-401-8', 'K17 L4', 253.5, 404.5),
('K-K17-401-9', 'K17 L4', 212.3, 404.5),
('K-K17-401-10', 'K17 L4', 294.8, 440.2),
('K-K17-401-11', 'K17 L4', 253.5, 440.2),
('K-K17-401-12', 'K17 L4', 212.3, 440.2),
('K-K17-401-13', 'K17 L4', 294.8, 482.9),
('K-K17-401-14', 'K17 L4', 253.5, 482.9),
('K-K17-401-15', 'K17 L4', 212.3, 482.9),
('K-K17-401-16', 'K17 L4', 294.8, 518.6),
('K-K17-401-17', 'K17 L4', 253.5, 518.6),
('K-K17-401-18', 'K17 L4', 212.3, 518.6),
('K-K17-401-19', 'K17 L4', 294.8, 561.3),
('K-K17-401-20', 'K17 L4', 253.5, 561.3),
('K-K17-401-21', 'K17 L4', 212.3, 561.3),
('K-K17-401-22', 'K17 L4', 294.8, 597.0),
('K-K17-401-23', 'K17 L4', 253.5, 597.0),
('K-K17-401-24', 'K17 L4', 212.3, 597.0),
('K-K17-401-25', 'K17 L4', 294.8, 639.7),
('K-K17-401-26', 'K17 L4', 253.5, 639.7),
('K-K17-401-27', 'K17 L4', 212.3, 639.7),
('K-K17-401-28', 'K17 L4', 294.8, 675.4),
('K-K17-401-29', 'K17 L4', 253.5, 675.4),
('K-K17-401-30', 'K17 L4', 212.3, 675.4),
('K-K17-401-31', 'K17 L4', 294.8, 718.0),
('K-K17-401-32', 'K17 L4', 253.5, 718.0),
('K-K17-401-33', 'K17 L4', 212.3, 718.0),
('K-K17-401-34', 'K17 L4', 348.7, 276.4),
('K-K17-401-35', 'K17 L4', 392.3, 269.6),
('K-K17-401-37', 'K17 L4', 294.8, 753.7),
('K-K17-401-38', 'K17 L4', 253.5, 753.7),
('K-K17-401-39', 'K17 L4', 212.3, 753.7),

('K-K17-412-1', 'K17 L4', 703.7, 735.9),
('K-K17-412-2', 'K17 L4', 703.7, 694.7),
('K-K17-412-3', 'K17 L4', 703.7, 653.4),
('K-K17-412-4', 'K17 L4', 662.8, 653.4),
('K-K17-412-5', 'K17 L4', 662.8, 694.7),
('K-K17-412-6', 'K17 L4', 662.8, 735.9),
('K-K17-412-7', 'K17 L4', 627.1, 735.9),
('K-K17-412-8', 'K17 L4', 627.1, 694.7),
('K-K17-412-9', 'K17 L4', 627.1, 653.4),
('K-K17-412-10', 'K17 L4', 587.7, 653.4),
('K-K17-412-11', 'K17 L4', 587.7, 694.7),
('K-K17-412-12', 'K17 L4', 587.7, 735.9),
('K-K17-412-13', 'K17 L4', 552.0, 735.9),
('K-K17-412-14', 'K17 L4', 552.0, 694.7),
('K-K17-412-15', 'K17 L4', 552.0, 653.4),
('K-K17-412-16', 'K17 L4', 511.1, 653.4),
('K-K17-412-17', 'K17 L4', 511.1, 694.7),
('K-K17-412-18', 'K17 L4', 511.1, 735.9),

('K-K17-501-1', 'K17 L5', 294.8, 326.1),
('K-K17-501-2', 'K17 L5', 253.5, 326.1),
('K-K17-501-3', 'K17 L5', 212.3, 326.1),
('K-K17-501-4', 'K17 L5', 294.8, 361.8),
('K-K17-501-5', 'K17 L5', 253.5, 361.8),
('K-K17-501-6', 'K17 L5', 212.3, 361.8),
('K-K17-501-7', 'K17 L5', 294.8, 404.5),
('K-K17-501-8', 'K17 L5', 253.5, 404.5),
('K-K17-501-9', 'K17 L5', 212.3, 404.5),
('K-K17-501-10', 'K17 L5', 294.8, 440.2),
('K-K17-501-11', 'K17 L5', 253.5, 440.2),
('K-K17-501-12', 'K17 L5', 212.3, 440.2),
('K-K17-501-13', 'K17 L5', 294.8, 482.9),
('K-K17-501-14', 'K17 L5', 253.5, 482.9),
('K-K17-501-15', 'K17 L5', 212.3, 482.9),
('K-K17-501-16', 'K17 L5', 294.8, 518.6),
('K-K17-501-17', 'K17 L5', 253.5, 518.6),
('K-K17-501-18', 'K17 L5', 212.3, 518.6),
('K-K17-501-19', 'K17 L5', 294.8, 561.3),
('K-K17-501-20', 'K17 L5', 253.5, 561.3),
('K-K17-501-21', 'K17 L5', 212.3, 561.3),
('K-K17-501-22', 'K17 L5', 294.8, 597),
('K-K17-501-23', 'K17 L5', 253.5, 597),
('K-K17-501-24', 'K17 L5', 212.3, 597),
('K-K17-501-25', 'K17 L5', 294.8, 639.7),
('K-K17-501-26', 'K17 L5', 253.5, 639.7),
('K-K17-501-27', 'K17 L5', 212.3, 639.7),
('K-K17-501-28', 'K17 L5', 294.8, 675.4),
('K-K17-501-29', 'K17 L5', 253.5, 675.4),
('K-K17-501-30', 'K17 L5', 212.3, 675.4),
('K-K17-501-31', 'K17 L5', 294.8, 718),
('K-K17-501-32', 'K17 L5', 253.5, 718),
('K-K17-501-33', 'K17 L5', 212.3, 718),
('K-K17-501-34', 'K17 L5', 348.7, 276.4),
('K-K17-501-35', 'K17 L5', 392.3, 269.6),
('K-K17-501-36', 'K17 L5', 448.3, 263.7),
('K-K17-501-37', 'K17 L5', 491.9, 256.9),
('K-K17-501-38', 'K17 L5', 546.7, 250.6),
('K-K17-501-39', 'K17 L5', 590.3, 243.8),
('K-K17-501-40', 'K17 L5', 206.65, 753.7),
('K-K17-501-41', 'K17 L5', 238.05, 753.7),
('K-K17-501-42', 'K17 L5', 269.15, 753.7),
('K-K17-501-43', 'K17 L5', 300.35, 753.7),

('K-K17-510-1', 'K17 L5', 511.1, 735.9),
('K-K17-510-2', 'K17 L5', 511.1, 694.6),
('K-K17-510-3', 'K17 L5', 511.1, 653.4),
('K-K17-510-4', 'K17 L5', 552.0, 735.9),
('K-K17-510-5', 'K17 L5', 552.0, 694.6),
('K-K17-510-6', 'K17 L5', 552.0, 653.4),
('K-K17-510-7', 'K17 L5', 587.7, 735.9),
('K-K17-510-8', 'K17 L5', 587.7, 694.6),
('K-K17-510-9', 'K17 L5', 587.7, 653.4),
('K-K17-510-10', 'K17 L5', 627.1, 735.9),
('K-K17-510-11', 'K17 L5', 627.1, 694.6),
('K-K17-510-12', 'K17 L5', 627.1, 653.4),
('K-K17-510-13', 'K17 L5', 662.8, 735.9),
('K-K17-510-14', 'K17 L5', 662.8, 694.6),
('K-K17-510-15', 'K17 L5', 662.8, 653.4),
('K-K17-510-16', 'K17 L5', 703.7, 735.9),
('K-K17-510-17', 'K17 L5', 703.7, 694.6),
('K-K17-510-18', 'K17 L5', 703.7, 653.4);
-- Insert default configuration options
INSERT INTO config (key, value) VALUES ('global-email', 'false'); -- Disables email sending globally

-- temporary person, should be populated with the given spreadsheet
-- this is in data rather than dev_data since it's unusable without people
INSERT INTO person VALUES
(
    1234567,
    'z1234567@ad.unsw.edu.au',
    'Arjun Radhakrishnan',
    'Mr',
    'CSE',
    'ENG',
    'Professional',
    'admin',
    '/9j/4AAQSkZJRgABAQAAAQABAAD/2wBDAAMCAgMCAgMDAwMEAwMEBQgFBQQEBQoHBwYIDAoMDAsKCwsNDhIQDQ4RDgsLEBYQERMUFRUVDA8XGBYUGBIUFRT/2wBDAQMEBAUEBQkFBQkUDQsNFBQUFBQUFBQUFBQUFBQUFBQUFBQUFBQUFBQUFBQUFBQUFBQUFBQUFBQUFBQUFBQUFBT/wAARCAGQAZADASIAAhEBAxEB/8QAHwAAAQUBAQEBAQEAAAAAAAAAAAECAwQFBgcICQoL/8QAtRAAAgEDAwIEAwUFBAQAAAF9AQIDAAQRBRIhMUEGE1FhByJxFDKBkaEII0KxwRVS0fAkM2JyggkKFhcYGRolJicoKSo0NTY3ODk6Q0RFRkdISUpTVFVWV1hZWmNkZWZnaGlqc3R1dnd4eXqDhIWGh4iJipKTlJWWl5iZmqKjpKWmp6ipqrKztLW2t7i5usLDxMXGx8jJytLT1NXW19jZ2uHi4+Tl5ufo6erx8vP09fb3+Pn6/8QAHwEAAwEBAQEBAQEBAQAAAAAAAAECAwQFBgcICQoL/8QAtREAAgECBAQDBAcFBAQAAQJ3AAECAxEEBSExBhJBUQdhcRMiMoEIFEKRobHBCSMzUvAVYnLRChYkNOEl8RcYGRomJygpKjU2Nzg5OkNERUZHSElKU1RVVldYWVpjZGVmZ2hpanN0dXZ3eHl6goOEhYaHiImKkpOUlZaXmJmaoqOkpaanqKmqsrO0tba3uLm6wsPExcbHyMnK0tPU1dbX2Nna4uPk5ebn6Onq8vP09fb3+Pn6/9oADAMBAAIRAxEAPwD9BcUm33pfpS9RWFyhuDQcjvSnmgj8KLiuIS3rRvbvTiPemkU0UIWak3EZ4pxOfrSGmAhkP92kEnPQinUnegaFDD6U5WB65ptKBmgQ8Kp6GnbRgYNMH0/Skxk+lJEEu3nijbTMCnbeO9MY4j6UDnrTcZ70uM9807gL+tKB7GmhCO5p200DFxxmko8tuxoCt0BpjMzXATagdMyoP/HhTbVs6/dD+7bQ/q0v+FP1YZSEHvMn86txwqs7uqDewClgOSBnH8z+dZ9RE4+nFHTrSZYdjmkOR1FXcBxoNN3Gk3nPTpRcB4znIoxzTPNGOlHmD0ouFx9IDSeYo9aTeuetAxTzSikDqD1o3D1FLQQHkcUY4oJHqKTjI5qhMG5pPSnU3HapEHWkU5pduCaQjFSwA8UdRSnnmkHH0oAQ+/Sk70pyPcUnc0XGB6ZzQSDn6UGkA5wKoYo457Ud6KD0qUMQDNJS9KCaoB3c0EdKUcUYHrUECdKM5+tKcduKTBx1p7D2EOTTTTsUYxVFDaKD14ooAKaTSmmmgodnNPByajX1xg04HFBI8c0v8qByOaUcmpsQKoxyelOAoApQOeKotBinbMmkVM1Jg5GKoaQirjOaULSgUYqLjEC4NIRTqWlcDJ1QbmtR6zD+Rq/CMZJqrfruntPaXP8A46auxDg07WYtwIzQRxjr6Up4oplWEPPB60Kopx596TGR7U7iEIHem7eOlPZeOeaTt9KYtxhQEdKb5a55FSdR6GkPt0oJG+UtIYlp5ox6frQUReWPel8oep5p/wBaKLCIvLPrS7D60+gkZxSsIjIZe9ADDtUmMe9FIZGC3pSck9OakP60Y70EkWSOooLe1SfexSBBikBHupRTwA3FBH5UBcYXFJuHepCAT0pu0c5FADNwxRuFO2LnkZo2D0oHoLjB9aXPH1pM5pQBxUgAzQfrQAOgoz7UCE6Cj3pRxxijOKChuO9NPFSY9qaRxz1p3AbUbVLtIpjcVV7DQIfxp1RK3NSA5ovcGPB7ZqQHoKiU461IvWkQPHXnpUqr3pqJketSU2y0gAxRiloqRhRRWbrviPS/DVjNeapf29jbQgNJJPIFCikBokhQSSABySegqn/bOnmDz/t1sYOR5vnLt4685xXhvxj/AGj7Xw/p2l/2I1vd6ffKXudSkDGO2ibhGKkAtnDtjuE6MM18oW/xTIl1aa68TX8kF2WuZ7u+kG+KFlPlr5SqAH2uuAMYYgkHkUDPsH4j/tN+E/A63Fy8d5qNvYTiKa4togIg7AAAOxAPLKOOueM4JHHy/tgy3/iL+xtN8LzWsjMFS4v2fBJXcchVwAq8t83H14Pwh8Uvjvqeo6RpnhjSJElsllWfyLvO0BQ4Er4I3MMhieBubvivJNX/AGjPF40G78Pwaw62l39ngmbqXgg3eXGpOSFy7E4PPHYCmrsnQ/RTxp+0d8THtl1qDW9B8JeH7a2ea98yx+0XUTpJIDGyM7YJRA2B/eA3ZYCvJfAv/BUHxc6X1zr2g6NcaPaHy/tJLQXMr4JAVA7AnA5wMDjLcjPxJq3xM1nWNMvbaa+kkS9lUOWY8oNnH4mOPPrsFR/DE6TJ44gGrJDPp0SFVW4B2tKeEOB1wTuIORgHgnFVYhyaP0n8L/8ABVXwhc3Udt4o8HaxoGSu64t5FuUVT/GykIw+gDfU9/pz4YftFfDf4yIp8I+LtO1S4PH2MyeTcjjP+pcK+PfGODzxX4uXthaa3ruree11f3v24qiznDBACVTG753ZsLznAXPOa4mxvr/wpr8WraNdS6fqNjOs0V1YSFXt3B4KsOmCOoNBdz+iDkUjDjrXwh+x9+31qvj3V4fDfxIawVpkCWWuwJ5DSy8jZMm4jLdmQKM8Y5zX3bDLHcQxyxsHjkAZWXkEHkEUhrUOR1o60p596Bgds1YCEd6PpSt92kxQA3FJTse9GKCRMUhxTse1IePrQAlGCcY6UvOfSjrSsFriH2/SkApxH4UnT3pANHINAyPpTjgmkxjjNBIgH50Y9e9Oxx7UmKAG0Zz1paCKdhDT/WlI/CjuKP5UgKA1SBv+WgqQX0R/5aD860G0KxP/AC6xf98ioj4csG/5YKD7ZFZXZrYri6iIxvFPWVD3zTj4Ysz90Mv0c00+F4cYWaVf+Bmi4co4SLzzS7h2NMHhoL0upfzpDoEo+7eOPqKdxWsSqw70hOTwaj/sW6B4us/VaQ6TfL0nQ9uQRTCxLimMuecUn9n3w/jjb8TTWs74Y+VD+NAkiNvlb0qRGyKr3az20YeZQi5xnNOhcsM0loWWlxnmrMSdyKrwruYZq2lVcSQ4DApQM0AZqRVpDGY/SgD34qUDI9KUqMAhRz0oHYxPEupnSdM3IzLPPLHbRMibirO4XcAeDjJbnjjmvh/47/HjTYNc8QDULSPWdO0e+aO1tpm8yP5FKMZF6GRnVjk5IU8cHn60+N+qy6T4MvLiJHJ+zzKjxsAUkC70Ye+U2j/er8YPiZ8QL7ULC8httQMZlvZ7m5PKvcSuoickD1Bbg4/i9aCb2Ok+NfxebWtP0q2t7q5ljLTXl4kzExyTEr8pHHy8Dpj5WHSvHPEHjW9vLSSLzn2STAzKHJLHHzH/AIESx/L0FMvFvdbVYgGeH/WgbQTllUE59PkHH19TVi68DagkHm+WWAABGDyMdad4x3YlGc9kc/qeuXd7cTmUg+aRuHoOoAOc4HTH4nJ5qvL5e0ElpJu5zhUHoPWuz0b4Warr0xMVsSD3xwK3pPgBr7Qhkt2JPONp5Hr/ADrGWKoQdpSR1QwOIqaxgeXvceYyMQdiKAB+dSw6iLaWMqADGCx92PJ/TivUdO/Z68Q3rAG3K8HjHIrK8Q/AzXdEE0kkBZV6kDmksbh5Oymi3l+KiruBwtp4mv47m7uY7gxzTbleU4yA33yCe5GRkc1PLrFrAYpILZYIlUKqFixc92Y9yfwAqW88D6pAQr2roq8/dOKxdS0q5tGXzo2XAGNwroU4T+FnHOlUhrKLRrr4u1GWLy0uGjiJz5a4VPyxiv1y/wCCbvxzu/ih8J7nw9qty97qfhdYIVmYAH7NIriFDjqV8p1z/d29TmvxpQmNjjj619ef8E7PitP4A+M1pprTyRWevsljKAflL5JjJGRkg5A/3jTkrGaP2WyaTGSKSI5QH1p/ApGgxh+IoPTPalPTpSdeapAITikNKaQ9aYthM0EUppKBBQc/jRnBoNAB/Oo3mVep5qQjFZOt6fNfWV1DDNJA00bIJYjh4yRjcPcVDYCN4o0qO7W1fULZLgsEEbSqGLHgLj19q1EkV+nWuZbRbq7sVtHhghiYYkMeefUgY4Pv2roreAxIMnJxSQybvSGlFJ061RIdKQUvQ+9IMDvVEhxRwetB5oHegDTGKXGKMfrSgdK5zoExxzSgZpdvHNPxiqsK5Ht54607ZzTsYFKF4qrC3G7QO1BWn4pMUXEM2DjqPpQVxT8AGimMxPFUZl0iVVGWwWH4VzOiask8CNu7V2Gs4MWCMjBzXhfgzWxNGvzHaTxzWcm09B7ntNtIrgEHNWl6Zrn9Ku/MiBDGtyGTdgZouFraFmJQx61YC9ahhJyasAZX/wCtSYIZis7WbqaCBVgVSzZ3FieBjtjvWmRzyQKpajZx3kSxzLmIn5l7H0z7UJsGfOv7QPxCFz8Ldd0maO4hmltvKLLGrc5HryOM9cda/Izw18O9d8da/Pb2tvLdIXzJMkbFBk5wTjGf0r9TP2ifiZpPhfxIuigmIR7XuHkjzvH8CDAyQME989K4X9n4jU9euII7GKCOTzWSKKMKkakjqB/EeM9/yqpPlTZdNKUkmea/DL9lm1GkW6TJsmPyMjgHBI5P9Pwr3LTv2Z9FittkkC7+TggHGRj0r2ay8ANaXcU0kY656cDjtW7exQ20IAADD868GvHmfvH0VGfKvdPIPD/wW0Lw0P3NoMHHBA/wrdbwdpyrn7OqkcjiumubpQGGORyM8VjXWpfMRzxXlyUUenCU5bswpPCmnI2+KFFYZ5Kism98A2GqxSpPbLIrHj610H2wl2O7r3Ip9veiPOW5PoKwtFnRqup5Dq/wB0e9LiS0LhgRk8/0rxb4nfsx2l/a3Dw2rmVQdrD/APUa+xTOJ2UFv0GKbeaNFewPGELBh1/CtaScWnB2ZM580eWauj8dvHXwt1HwjeSlrR2iTnc3JArH8Ja1PoGsW17AwhlhkV1YDkMpyP5V+kPx/wDgxa3Xhya8EX7sttIXJJyK/P3xn4Kk0nVGa1hYQksyjHJ9q+tw1WVWHv7nxmNw8aU+ansz9wv2ePiLJ8VfhB4a8TTiNbi+tQ0ojOV3g7Wx+INekDnmvm3/AIJ7yy3P7L/hmSRht3zhVAHygSEY4+hPrzX0pXVscKG4xSEcU49KQ5zQMaR+FNYVIcimkZzirAbjnFJ26U4UhoFYBSUoNJ/KgQZ70nP1pcfhRigBPw60A8Uuc8Ck5z7VCVgF+lJ9aAB9KD096YCUHGeaM5oPrQhMTGKOKCKAMiqJNgLTgoNL9OaUVmtDYaKXbS4oo3EJjNLRRTAMUYzRRQAUUUUwMHxbdiy0u8nPSG3eT8lJr5X+E2sG+0S3djl0+Rs+or6O+LV39j8DeIpc4IspEB9ypA/nXyP8G7/yLi8tScbZQyj61zzfvpG8Yp03LzPqPw5d+Zbr7V1dpJk+9cB4VuPlwa7izf7p74p7MzZsQtyKuIciqEZ4q5AcgGjoIlxxxUV0haCQKPm28c1MM0FQwwaas2DPyt+Na3Pj79qbxDZm8k/smwaJH3sxAk8sSbQOncAnHU19K/syeGY9K1q53osoEalX4znuM15X8WdAHhX47+N1h8uW61O+ju4xCoyEYJlSABzlTzznivob4K6Lcafavd3S7ABtC88981hWny2iduHhdOTPZL+Zdm1QOB+VchqqStIdw49RW/atJe3BXnZ6+lXTowKEsAinvjmuKcHUWh305KDPLdRd4mPykg9zXP3KsZSdpG4fhXpet6VEhZ8/Ln864y7ti0z4+4PevFqw5XY9ujJSRzk0UixkkYwe3pUVqzb3BbOeCDW8bASruyQo6kVClmihhuzk+nNcvKdPMUonGRwcDOPatLTZikwUtkdu9NSLzJD8gVB0IHWrEWmPbB5F+bjcMc8100o6mFSVkY3j8RXmh3FtJGJkdemOlfAnxS8AyJcX21HKrI7KCO3fB/z3r9BpbebVHeFoto/vYzj615J8UvhLd6ja3U9tbmVVVm+QcjI5/Divdw0uWWp4uKh7SDSGf8ExfH0M3hHxJ4FuJHW/sbw6jBGzZTyJFRCF9MOhJH/TTPrX3F5fua/LD9ijWl8KftU2FnK3krqVtcWZC/3yAyg/9+6/VKvXbPnFpuM2Nj7xpNjD+KpKKVx2Itr/AN6k+c9CPyqUjNIR+dO4WItz47Gk3Oe2al24pMc4xmqsBFub+5mjcw/hNSke1IRg0WCxH5m3+Eik84ehqXFBNAWIxKoz/hSGVakpCB6ZosDGiRcdaC6k8GnbAe1JsX0FFhDflJ60cetKYlPYCkMSn1pCsAOD7UoPrwKb5YyeuKXyRzyaBWNwUUUUGgUUUUAFFFFABRSgZoxxQAlFLRigDzD47XHleANVXODKyRj/AL7B/kDXyD4LnbSfGixk4Wcbce/UV9V/tDT7fCkEQPMt0CfoA3/1q+TNVX7B4isLkHbiVSfzrhqu1VM9CjHmotdz6f8ACtyT5foa9EsXJUHpXkvg68EkcRDZyK9T02XdGPpXRJHF0OhgOR+FXbc8CqFscqKv24OB6elLoIsA0oPFA4pe1VFagz4q8Y6FF40/bfudKnY/ZIrGKdlHdliHH5mvpW10mLTo4bKBAsK8cdfzrwWw0i5tP25tT1C4iMdvJpsqrITwcRxYOPxIr2X4g+ID4e8PXV9GwVj8okJwF4PJPYcda46kbzbO+i/cSN3UvGOgeD4ma9u0iCrlixzXivjj9uf4aaJfmx/t+AuOpQ7gPqR0r5L+JXhPV/ibDd3l34vuNbtWkJFppheeEjPTcv7oY/2nFeEeLfgzZMWaKyvoXjG1t09sx/ISk1jOvBLk2PSpYWcveVmfoUv7UPhTxN82n6zbXW/gbHzj/CtTT/HdtqYJgmDg9cc1+Tsvgm50W4PkX09mzcKJcpnnswODX0v8DfFWsWtuLa9uJJVKooYsc968DGQ9n78ZXPocHTdRcso2sfZt/wCLY7SB5GcIgydxOK8N8d/tV6R4VmmjhkM5iOHZRkDjoPWuO+M3iTWk0b7NYzPGGU7mQnd1r5hudAeQldSne8kOXMGeR7sT0HufWssLFV3eT0N69P2UdFqz1HVv2+/FP25xp+n2xtwcDcjEkZ+v0q34e/by8ZtfRRPbgBj0SIk49Oetcf4X8KiTH9naXZStgAtMm8fgMoP1rubfwvdw3EP237DpEshCpPPoZCEngDzEmIH4nNe2qtGLsoHhyw9aWvP+B9g/Ar436X8VtHjZWaDWowfPgePaTz1Ar1RSkgYMchxhh2NfANxq/iL4CXH/AAkB0q21TTUZWln0l3iKA8btrhuCcA/Ma+jfgX8Xr346eHpdWsoZ9Oto5jCySlSc455Hb07812KHMuaOx50p8j5ZbngPw40mGX9unRYtOf5ItXc7lPTarFh+hH41+qJr4K/Z417w94a/aB8TWvic2Nrdadcyto8Ftp4aZ3ldvNdpQpc/KUGGO3hcAYNfeNtcxXtuk8Lb43GVOMV6ata1zw3GSfM1uSUUUVJIUUUUAIaTH6U6kxTAM4ppFOIoxTuA2kIAHSnHNJj86YDDzSmgjFJ+tUAHrRj8KP8APFHUUC3E4oI54oPtzR0PT8KBCYzS4OaMijrQOxtUlLSgVAxAM0AU/GaAOKVwG7aO1PA4oCce3vSAaAPrQUqTYaUJxQBHtyaGG1Sal21HcfLC5xTQHiP7QJD6XpkX8Rkd8ewA/wAa+YPGVmXgMg6pzX0t8cZvN1LT4OyQs+Pqf/rV4N4hsfMtpRjJANebW+Nnq0LKCR3Pwt1UXmk2pLAsUGee9e5aHJvhU9eOtfNfwfuEW2aA43Ruwx7V9E+HJMRLjsOldsXzQTOCatJo7C1ztHGK0YOVHbmsy0kLL9K1IHOBmhbEk45pl3eW+nWs11dSCK2gQySyHoqgZJ/Kpkz6DNVdUsk1PTLy0kG6O4heJh6hlI/rTd+V8u5UFFzip7X1PBfFbeHPiL8dNAu9KkW4jj0i6V7mF8hslMDI4I7/AJV8i+NPgpf6V+1Lqq+IribxFpA06TXNNhud0iKxnSMRlWJGFLMcDj7pr6a+EvhGH4e3fhmK6Hk6ldPfq0R+9sLErk9OiD8673xv4X0m78c+G9XvI1M0tvc6Rgj73mbJh+RtyPq1ePCvVq0bz0k9/I+kxWFoYTFypUXzQi9H3SPizx349tpdRtdPvXaaNdqxaXG20XcrHCrI38EY4znAOeeAc+WfHf4jePfBOvx6HO2g6XbeRHNFaWyfLtbrgng45GQB0NfbvxS+F9pY2zyWei2l0pyzbUUScc8HrXy9460/T7yWOPUtMkmNo+YRe25fy/pkcCvPVaGGdqkbnpLD1MZFOjLlPnvxTY6xp2laR4hv0t1i1VPMKxKVIGeAyHsRgj616f8ABj4Zah4n8Rtp7a/qWkaU1tDdwHTSiOfMMgKiRlYgAxnH19q6XTvhjqPxBvklurdorHqZHXaT7AHmvfPgl4AH/Cd6nJ5bjT9GsLSyQkYBnJllK++2OWL8X9c0o1vaxfKrM6Z03RaUne254l8Vf2e10JA1r4j8VXFy4/dm51IyAtzjI2jvXzfeWVyjaYJxK01zbpdPKyEhtwBz78EY9hX6afF/wn/amkyC3U+dEBIh9CDXzTqHwth1Lw5p6S7ibIG1WQcNC0fAT6bNje4alGrKmpKWouVVHFr0Pm74pfC2Szl0q40W4vddsLm1UubUiR45h98Mo+4ORj6GvW/BPw3uNA+H+kL4Yv7278W3m5dQ0eaQTae0TE/LKTwpC4HBz+tWYvCOraRP5cVr9rjzw6OOfqDXpngPQPEDzouyLTrdjyqYLn39BSWYSaUGhyyyEW6qlqZvhnwF4ji8K3Gk+IrK3e0htZkdo5fOAQq3Gcc4B6175+zloMfhz4L+C7aOAW5OkWssiBdv7x4lZyfcsxJ9zVfV/DZt/AlxpVs0rXurFdOicklgJTtkfP8Asx73/wCA16MkUen29vawII4YEEcaDsoGAPyArtouyPLrq7v1PBbvwLd3fiH4meJ9KiKX9g5ME6xFirLDGzAY74cnnuK+l/2ZtYufEHwS8OXt7PJc3riYTSynLMwmcc/hivlvwj49n8O/HzX7R3drW/vhG0JztcFFUgivsT4QeGI/CPga206LIiSedkU9lMjY/TFbYGbq4mUuyaf4GuZxjQyyNKSV5SUk+trNNffqdcRSVOUzTCv8q91o+KsR0U4jpSY79qkQlFFFABRRRQAh5pCMU6imBERn6UoXjHSn44xQRVXAjwc0mCBT8e9IVx16U7gM70U4j86TNMWwnTNAGevHtS4o68frSYkjaC0/FGKUjFZgIOnFLS496Wgm4KtPxTV4p2P8mqLiAoAoHSlqS7Cce9QXnFu34VYxVa+/1OPenHViaPBPi8RceIxg/wCqjVCP/Hv615Pq1r5hkAA+6QeK9G8aXRvfGmuRf3WG36qADXGalBl92OCMV5PtFUba7s9iNN00k+yOS8AXBsPEk8B4DDoPavo/wpcful54IHevmr/kG+KYZQdu5sE/WvoHwhc+ZDGQc8DpXbR1hY4a6tP1PT7M/LxWtAeBWDpz5xz7VuWx4AqzAvKMjg04LljSR8inDj61aG+h82+Pra+b9ofw/tRl06BXCsOFLGFyf513PjTTxrdhJaBzDO214JgOYZFwyOPcMAffFb/j6ymtpUvY0RoTLFvZuq/MOR9en41ka1eJZCK4fHK5zmvGnT9nzp9Xc+g9v7dwlFbJL7jl7i9nv7OeC6Vo9StlAuLcLkkf319UODg/gcEEDzLW57Zr074FZ2OApTJNT/FPW4Nct2ikKHyyWQnB2t2YHqD7jBr5l8d+Otd00vbL4k1mWIDaYX1S4ZMem0vgjnp0rwq+IjezR9dgcDUnFcrR9JzXieHLVZtQ05jLIM22lqQtzc/7WzqkQOMyEY5AXcxCn1b4ZeHxpHheESoFuZh59y/9+Z+XP5nA9AAO1fHf7I3iy30v4g6lcayYrazlsmMMkuFUyb1z17kZ9+tfTmo/GTSLq1mj029t50jb5mglDAflW1KtBQ53p5HPi8JVhV9ktdteh2WpaWmpu8JUMCpyDXz98SLX/hXs9zPJaPd6dcy+XLApwQMZWRMjG9eQM4BBIJHBHY2nxhhsWkmeVWWPlmZsAfjUHjD4weEPF3gjWbSW+s5JWgYpGJFL78HGBnrT9vTnFyTszKOGrU5qMo3Wmx4npvibw3qMRkh1/TrJ+CYNUnWylX2Pm7VY/wC4WHvXc+GfGOg200Q/tix1OcNtWz0iVb2Rz2GYiyL9XZR6kV8w26PDPEbsspJwfpXs3w+lsraNXjblWz16V5cK0Ob4dfU+kr4OUY359PT9f+AfSVpoVzfahHrV6TFbwLtsNPBB8kFcNJIVJDSHJHBKqvAJJZjp3jExlxyACaoeGtfjuNJhjLhsAjrmjVtS+z2rIDln4UivpKfvao+FqpxbTOI8DfCnR9Y1x/FcyzT6udRkjitiw8skY2npn9a+n7Ox1Gws4oUltyFHIKt16nn65rg/2e9DWWwZZIXM6zzNF5ikFQTwfp717R/YVyP4M/iK9fCYeNNOVtWeHj8VOs4027qJzDNqwGEjtJG7AyOo/kauXJuIo1aONZCTyGfbj9DWyNGuA3+qNMl0y4PHkuR7Cu6x5dzBN3dL1syf9yQH+eKYdQlXrY3B+hQ/+zVuyaXOQD5Tg/7pqtJZTR9Ub8qVgMc6uwPzWF4PfYD/ACNB1qJfvQXK/WFv6VsC0cLypB9xTGgcHoaVgMn/AISGy7u6/wC9Ew/pSjxDp5OPtUY+pxWn5Tf3TSGM9xRYCius2LdLuH/vsVNFeQXDYjlSQ9cKwNLNEjDlFP1FQJaQxyF0hRHIwWVQCRTUbibsWhKh/iH50u9SPvCsyTRLGZ2d7SJmY5LbBkmov+Ed0/ORbKp9VJFPlC5sB1PekJBrH/4R20zlfPT/AHZnH9aT+wUH3bq7T6TE/wA6LBc2Tj/9dFYv9iSrjZqd2v12N/NacNMvEPGqSn/ejT+gFFh8yNcikIxWV9kv14+3K3puh/wNI41JFO2e3Ldt0bD/ANmo2FdM7TFA47UDilxntU2uZgKKXFOC1VgGgU6jGaft5qWaRGAZpQKeF9aMZNSXcbjNVL7oo96vYzVHUW2gk4+UE1UdCXq0j5g8RXQ/4TTUJwPla7kVj/wIis++gwHU9VqxehZdTvd3PmytKp+pNSXaeYUkH8a5P16V8thZtymvO59ViocsIS8rHnXii2KSpcAfdwfyNetfD3UBcWcDZ6oK898R2bG2bvg1t/C+/fyPLJA8s7eK9vDuzaPGxCukz6D0qQFV+tdDbHpXK6I+Yl5rqLU10HEakRyKfUMZKJkAt7Cpe1Ui1scZ8X727s/Al+9patPtMc0sgI/dokisxxnJ4U9K8Q8ReNTe6SGhlUlYs4YetfSeuaams6NfafL/AKu5heEkdgwI/rXwtqt1c2qmzm3R3FpK0EynuykjH6GvKx6cVzdz2MualLl7HO+NPEMv9ntLn98EJYHpz6D2r5e8X+JVn1Xde3fkW5cLn19a9v1e8N+Xh87JXdkBs5APQ18ofG6CWy19NgcROuVQA+pr5nDUY1q6jI/Q5YqWFwrnT3PTbL4oB9Oax0GzS6xEwaUg9ex/z6ivP4/GvjjwRfS6haJ9nV/9ZGq/IwPOCK2fhH450bSLaw0O40xo9QvJkj+03QxExdgACeeMkdq+mdf+GHie+02Bl0myvLd38lY1ZScj2IHFehLlw75VTujig/rCUqlazZ8reIvjp4y8QJFa2yCJpQNwiU/Maq+HPEXiyyvWnmhe5Iwzuw5AB6V9CD4QeKJNXWxg8Mx2d0ED7YvLAIyRnO7H4Vb8U/DzWPA/hme/1ZdKtIRJ5T/aLjaxbBPZSD0PephVjP3YU1Y0q0Ywak8Rdnj0vxltNYK22pW32ZzJsWWPOV+tejeBNbvLe4VY23xMdyMOjAjg18yeJtbi8TzJd2enyWyKcEuMb/cYr6Y+EOkyr4TtpJNshVQxYnkd8frWOMw8KajKKs30NsFi6k1OE3eK2Z9HeDPGBSLy2I3qmDjnFdJDqsuq36WxYjfMojOcc8cHPTk1474CvQ91LL5mYyxBB6gV6l4Skj1LxhpFlbod9zdKzFhngEHI/AfyrvwCcpJM+XzOUYc0kffmnWi6fYW1qn3IIliX6KAP6VZri01CZMYlf8DU41W57TP+LV9bc+FsdbRXJtrNyFJ85qjGvXY/5aUuZBZnYUVyQ8R3f99T9VFSDxNcjGQh/CjmQcrOnKK3UA/hTWgibrGh+qiucHimfvFH+v8AjUi+Km43Qj8DRzIOVm41jA3WGP8A75pj6bauOYV/lWV/wlSgf8e5P0b/AOtSr4riPWBh9DRdBZl59Csm/wCWW36E0z/hHrP+4351Avim1PWKUfgP8aU+KrMD7kv5D/GjQLMkbw5ZN0Dr9GqM+F7Xs8g/Ef4Uq+KbMnpIPqB/jUi+JLEn77D6rT0FqVz4Wh7SuPwpjeFEI4nP/fP/ANer667YMeJx+Kkf0qQatZt0uI/xOKVkGpkt4VPaYflUEnhSc/dkjP4kf0roBqNqelxEf+BilbUbVWwbmIH0LinYLs5F/DeoBiBBuGeodef1rJu4XtpnikXbInBGc4rsNf8AEMdjB5cDiS4kB2lSCEHqf6VxEjlmJJJJOSTySaT1HFXOuFOAwaUCpFWlsJK4wDinBc0/HOaXHFK5dhmz9acBS0UhibaAMUtFKwBWH4on+yaTfzHjZA5/StyuR+J05tvBeruvDGLaPxIFTN8sJPyNKavUivNHzdLKXbzhz5bZz6ir6gTQMB0U7h9KwIJ2OUB4YEGtHQrxmAil/iyn+FfG4eXLVXmfb4mnzUmuxW1q38yNwO4zWX4DuPsmqSwH5f4vrzXS6lBuj/Q1xVlKdN8TrjgP8ua+jpO00fMVFeDPpPw5PvhSuwtGyAfWvPfCFx5kK+td9Zt8q12Pc842bfoanHFVrc1YqkaLYAM+1fC37Unhu++HPxSuNWVpJNK8QZmQkYSKYKFdQemT978TX3STmuI+L3wf0740eF/7Gv8AcrxyCe3lRsGOQKQD9ME1lVpKtBwNqNX2FRVD8y5r0PeoY1yWJyRySaw9Y8FweLtXhW4iAVOfuZwa6b4xfDHXvgV44m0/Vm3QxgmGfnZPHkAMv4dfStLQb+z1K0S5t28vKgkAZOM18ZiMPUoS1P0fB4unVh7rJ9E+Eui6ppsUE8ELeSuzJQZHpV6HQvEngS/WPTfF13PaRTectrdSEpuOMj5txx7AgV0mgX0NoswdS0cqAn/e/wAivNPix4u17SohcWlqTb5K7ThifrTpT0S6npU5wbarK8Tt7/x74qm1JrtL61t5hHsDLtOBnJwO9cPqfw3n8ezyX2vau+pBZjOlvISYw5HLYzgf/XrxQfG7XpLzyRYxqQQpyhr2bwT4kvr+2VrsNCp5bshHtW0k6L95bm8Z4OpTf1eOq8jm774f2FxMLWOARpEWTO0YYnqfpXbeCtJfTNJa1UDCZweny9hRcgzXrXIi2wyOQpBq3qXiWz8K2Ry6CdhkrIeg+mOe9ccYyqT0OavUjCndk2guNGkubiS4WLc3yDIGM9eO/NfRP7JfhVPFF7f+KJFZre1Y21u0sRBdzyzKeOAMDj1r5Q8Hy3HxR8TnTbZGSyQ5u7kKQqqf4VJH3iK+qvFfjO6+Bn7MF34u0FltPsGpWiWsb5ZZIhOtuQ3qGTP8+tfXZbhmnbqfnWbYjnXkfUh009pXH/AjQljLHIrec7AfwkjBrkPgv8aNA+NvhKDWdFm2ygBbqyk4kt3xnB9V54YcH6giu/6npXqyi4uzPAjaSujPltrh3LLKyr/d2ggVH9nugf8AWg/VK1Oo4ppbPelYqxmmK5H8aH/gP/16aftKn7qN+laJPHr71G2KWomUfOuccwL/AN9f/WpBcXCnm2yPZ6uE5oqbgUmvJsf8esn4EUW928yyloJItn98fe+lXMUbR6VV0hFBNTRhkxTL9YzSnUY8dGH1U1eKqe1N8pfSkmBRa+jz/rAPrxQuoQd5U+u4Vca3RuoFQvYwnqoqrhZDRfQHpKn4MKcblCvDg/jTP7Otz1RD9QKRtLtmP+oj/BcUwJUlDAfN+Rp0rFI81Sl0W1kUqYiOMfK7D+RqaOERQJCoOxBgAsT+poJsiJn70xm4qZoRj0qk6meQohyg4LD+QqW+xXoegqKXFLRQAUUYzS4oASilx7UYoASlxRSnigBtcN8ZJfI8DXX+3Ii/rn+ld2OleXftF3v2TwZbRjrLcjj2ANc+IdqM35HThVzYiC8z50EuyQ44IOcVasJwk7MPUOB71gpeq0525IBwc+taEdyI1hcYPzBTXxV7O6P0HlurM7K+2yQbhyCAwrzzxKot76G4HBVhkiu+sT5+mKOpQlT9K5DxbaboJOOQe1fS05c0VNHyNSHLJwZ634C1DzoIyDnpXqenybo15rwT4XXZezhG8kjjrXuGkPmJec16j11PG20Oktnxj8quVnWxyKnvdRttMt2murmK3iUEl5XCgD8aIpvRF3S3LVa+k2+yMynq3A+leQp8Wotf8TWmheHoftUtzII/tkhwijqzBerAAE9uleyyyLp1lknIjXALd+K6XSnTa51ZnO6sZr3WfLP7anw1g+L1hbWEcv2a/tIZ/s0h4DybQdp9fuivzU07X9V+F3ib+ydVhmgmgbyXRui5zk+45r9DP2w/iaPh03gfV5GKRDXI7e55wDFMrIxPsCVP4Yr5U/aN8G6f8S4n1LTpVh1JADHOh4kHocfz7V5+LdNPlqLRnt4BVXDmpbo6Twl4y8OLoq3Nzl40BH3tx3dd3X9KZ48+IPha505IYIknXadxIDdunWviaHxLrPg+8n0rVUliQHBDZ2n0IPQ8Vq6l49F3YCKE7dgJDButeRLBcrXs9Ue5Sx17+10a6Hu+nv4ZmWWSXTrdpXk3Big6V248T+FZbWCA25hnQgNsAwR7DNfENh8QL61vpFaZyhPTd0roYviFN50UxcFl4OW5NU8BK9paov8AtSnJXi2mfZGu+LdA0XQGmWMlowWByOR7c9a+bLnxdf8AxA8Vyx2rv8p2GSU5WNM/zrjdR1/VPFoXzJ5Le0TojMTnPXA+goh1o+GopGthslZSocYB/wD11tGnToaU9ZGTdbErnq6QX4n1J4FuJLeXSfh/4Vnz4j1WT95Opz5EZIMkhP8AewcD3xX0H/wUJs4PBn7HVnottiKI6lYWyIO4Us//ALLmuP8A+Cc/wVms4Lzx/rsTtq+ofu4BOvzQxDOOvIJ+U/lWJ/wVr8aGFfhx4SSceTLJd6jcwqecqqRwkj0+eWvpcFR9klfdnx2PrqtNqOyPmH4O/GfxB8IdbtNX0W+kt5UxuQ8pIvGVcdwfSv1M/Z9/aj8N/HPTYII2/s7xEIt8uny9Hx95oj/EPUdR9OT+L5uFNsgWULgdDXSeCPGF5ol7H5OoNasDmOdJirRv2II5HpX0FbDU8Qu0u541OrKl5o/eIyccUwycdK/Mv4U/ti+M9FSK1k1575YsI8eo/vh9ct835EV9JeFf22bO8mjt9b0Hy8HbJc6fcBx9fLYD/wBCNeRVy+vT2Vztji6cvI9J+Jnx0m+Ht61unhy/v8SRp5sagIQxAyD3xmut8CeMp/Gdg11LpNzpicbftAA3/SsTTPjB8PPG0Ucf9t6eX+8IL5hE6n6Pj9M13Fhf2V7EPsVzbzxqOPIkVgB+FeZKnOPxJnSpJ7Mt0UUVmMKKaTSVVh2HZxSZzSUn+cUDFzxQaKaetMYtJk/hSF6aXpEXFY4zURO2kLcmqtxMzN5UZ+Y9T6CluTuJcTNM5jjOMfePpUsUSxKABxTYYliTAH/16eTn61Q7dEbRg18H5Lqzb/egb/4qhpPEUfSOxl/Fl/xrUuLtreXb5TOMdV9aiGpgyIpidQxxkjvTswuZ/wDaGvp97TbZh/sXB/qtSDWdSQfPpEh/3JFP8yKvDVIudwZcEjpUn9owYPJBA7inyiuUBr8y/wCs0u7T6KD/ACJqX/hIrVU3TrJarkDdMhUAn3q0NQiaHeh3YGSBXGfFy/MHhOJG+9PMoAHcAE/4UnGwju0lWVQyMGU8gjvTwM15r8K/EM91Yi0nZnMX3WJz8vpXpSk1DGKq/MB714n+09K7WWj2yAklnl47YwP8a9wjGXFeEftD6jIniG0tYpNpjgDEfUmuTHPlw8j0ctjzYmJ87TyTFlQx4O7JIHWr2/dHKBz3FdNZXckjSeYqybT3Uc1Fqlw0EJZYYie/7sV8a3E+9jfsWfCF79oBjJ+V0DD6ijxLZB0lAHbNZWh+IXt9ShVreNIgSGZExjPfNams65ay5CHd6t2r6rLcNXxVJKnFs+SzOtSw9a83a5T+GF4YLmW3Jxsk7+le3jxhpfh+zEl5dqrAZ8teWP4V82rq8ekPLPbOyuw5YmsO91+51CUu8xcHsTX2uGyabSdZ28kfG1sxjzNUke7eIv2gpoxLHpiQ2yD5Vkl+d/rjoP1ryi++IEPiDXVstW103GrPGZktnDsVjHU9MAVh21u0iJLKR85ygHWi9uYYSzLGvoB0zj+dfQUsJRoK0I6nk1K9Sp8TPX/hx4w0j4a6VdeLLxDqGqyF7bTLFTt3YA8yQnHA5Cj/AIF9RreDf2xrjxj4xtPC9/4cHm3zbIHsCzkMBk7g38OAea8V0+aPXPDsgXiaxcs6jHMTkcgex6+xrx+L492f7PH7QfhTX7yGSfS43mjvY7dA8ggdGQsoJwSGdW6jO0ivDxVOKnNzWp7eHs6UeU9T/wCCiFzLr/hPXdPaFwllEt3C2Od8ZD8Z7fKfzr5M+GnxBudR0S3hlk81NuNjHp9K/UnxJ8MNI+MtrNq98sGq6De2nmW80fO+N19uMYNfnl46/ZH1v4W3F1caLMLzTY3ZxArEyhM8FePmGCMjqPevk8xw8qtPmhq0fVZRiadGr7Obtc5jxHo8GvwGO5hWaJjkKy5xXlusfBy1Ez/ZLi4t+D8gYFT+deveHlvo2SGXc2Dj5uefet+50lZc+ZbqT67a+JWMq4d+6z9DqYLD4hL2kbny9L8KFhfMlxOw9Rgf0q3pvgi3sJdwUu4H3mOSK941LweC+UjRVPIyKw7/AMPi2UqY8Efka6P7TqVFaTM6eU4Sk+aEdTyq7YW3yrGSw67q9Q/Zy+A1/wDFnxRb6rexsNGtpwqjH+tcfX+EZz9R7Gj4efBvUvix4zi0yyiCWcJE99cNwsMIPzHPqegHrX1/8PvjN4Y+EHiez8PzeFzpnh4yLFDc42yRrwNzIf4c5yc55PfNfTZbS9p+9lsfL53iHSX1env18kfWvw98KReEPDNpYxIF8tMY/X/D8q/H79vH4hN8R/2qPEw83da6G66Rb46Dyid//kRnr9kNd1+20rwpd61HKJLaO1a4SQHhhtyK/AfX9bPirx34n16SQO+oahcXe5j95pJWb+tfU0VeSZ+fT0VjNmuTHIyg554IpLe6McgYngVDdNtkwTx3qNUdlJRfMbspNd3O76HPbudxpGuszpKrfvYwFYDuo716ND4qxNBIHwXQE84+YcH+VeAQ3GqRygoosgBgEckius0zVpn0lGlYtNDJje3JII/+tXpUcQp6NHNOlZ3R9Baf4ommiUibdnnnmul8P+LdR0+4b7DdPZ3L/NFNBIY23DtketeC+HfFTbgjsCOvQV2dv4kIRSjKMEFSAMiuxKM0crUos9rtf2hviDZIVj8S6gNv964dsfmTWpYftYfEmwcFfEEk/tPEjj9VrxW+1xpMTI5CyjJGeh71kz35ABLs/wCNZPC0ZbwRaq1FtJn2N4N/bi8TLuTW9K07UY4gCxg3QSyDvg5K57/d/KvpD4efH7wd8R44UsdSSz1CQ7RYXhCSlvRecN+BNfllpOrizuI5P4d21snqp4NbEGrPp1yxWQo8bfeU4IIPBFcVfLKNRe4uVnTTxdSD97U/Xrd7GgsBXwZ8Ef2xNV8LammneJ5rnWtCEZ3PgPPb4X5drMRuBIAwx78dMH7D+GvxW8PfFnQ21PQLl5I438uaCYBZYW7BlBI57EEg+tfMYjC1cM/eWnc9anXjVWjOu8wDvTTIPUUjSZqImuK5tccz7u9NLZppOKr3FxtIReXbgCgQ+WY52py5pIYxEvqTyT60kUexck7mPU081SRpYUtmkpCcU1jjnNS5BsdY1jI7Z+1tjJwCCD0P+NWIUlDLm4RlGcgjmrJlweHpRICOSPxFbGLKzJMFUjynY8EHGKjYTlcNbxuTxkVdyjdlP4VHLbrL2247rxQG5SUS8I1oAucZXuK89+OVxg6VbL6PIR+Qr1GCyOch3+ma8h+NBM3im0i6hLZRj3LMf8KTETfCaE/vX/D9a9eQfKK82+FVptsdxHVjXpYHAqEhkluv7we1fMXx7uzJ8TbpAcrHDEmM/wCwD/7NX1Dar+8PsK+S/jNci4+JusuPvRyqvHsij+lebmX8FLzPayhf7Q35GBYLtZm9cda5P4gePLXwZpEt1cr50mD5UAPLnsPxOB+NddbYILDncvT0r5U+LPjNPFHjbSo4pYpbJLkyoYznKxfcH/Am5P1pcPZVHMMVeqrwhq/Psj088zF4HDWpv35aL9Wer6f4wZbf7Re7DeTAMyBsJEOyge3rTZPFP2kuSqhR1yc15LLrb7m+87dwBV06pcbI4UiYkAMxKHqa/ZY0owXLFWR+RSnOb5pu7PQp/ED3jj5YwB0UKKsW2pJCPMdYgOgXaOfpXA20l3JMpWOTO4fKVNLPqk8t9iTNvbICAxU03EE2dvd+IfOZ5ACBF93BwM1z82rS30wDNn0UdBVNr+3TTQFaS4LydSduQB6fj61SfU+NsaBExj5Af51PKDbNPW/iH/wq7w1ceJGKTfZ2ybR3wZk6FOh67scj0OK+b/iBrEPxw8fR6np1lNp9ncLEsVvOQWQAZbpx1Y/pXUfHm8bVLDQPDauDJf3AaQDrsVtxP5LXo37O/wAI11LW4riSMmKKLKgYHPy/4V8tmc06qj2R9Fl8bUm2fQn7L+peIfhzY22kwXM1zpMwSP7LM5KJzg7c8Dr2r6M0LS7Pxdb38bwIsZuGwqjhQMf1FcdoPg9bC0QIhQqOMDGMc9vpXU6Jr9t4I025EttNcIzGTCHk9OM146fY73qeLfGD9l+S3N1rfh2MTS4LyWaLjf8A7SgdDx0757V4ZZ6aVLJIo81Dhg45Br7Gu/2mPA2m3S2uqLqOlyH/AJaPbl4888ZXPpXEfEXwR4b8Y3i6t4VuoXvp2zPa52eYT/EAcc+tfMZnlXtl7agve6rufVZXnEqNqOId49H2Pn06TE8LlkzjpxWVL8MdX8Shvsdgyxn/AJbyjan4E9fwr6S8NeB/BXhICbxFrdteaih3GwtnE4i9mVASTn8Ks6x4v0HUJ8WlnqaQ/wAEj23lpj2zg/mO1ceEyJ2U8S7eR34nP2m4YVX82cL+zt8MW8DWPiUy3KzXtz5LPtXCoq7+PfJJ9OleQ/tCahLrniWTSrOxMuo+QFVljzHECxO9j/Ie1fSOk30ekJfPAEkjuVCIgznIBwT6Y5rKh8MW5Eszp9omkJaRzglj3x7fe/Svq6dOFGCpw2R8rOtUr1XVq6tnmWq/GGXQf2F/FOjahfbPEei2jWWJXxJIkrYjYfQOBx6V+X1mSlsOOWO4mvuz9tvQP7M+Gd3corRyS3MMLBVwDlidv5hj17CvhNFKIAR0AFehRPKrxSloJLIzN1p1vI0ZHGQahJG79Knt+X56DmtU7s52tDQjvNswX5mQYG1vmA/Gt4LEpMCnJli3Y7r1P9K5e2GZxzznNaFvfsmp5D/KCEz7dK6qc7GMomlbF4ZQVBH9a6TT9UcAb5FHbDGuQlvMBlY8joaLa/8ALbGT+FdcKvIzKUOY9Zsr5JNMIM/zxyZyBngjFQ3V3EI/9aCc/e56Vy+h6gZo54tx+dD+nNNur6RoguQAK9KNRcvMc3JZ2Okt9St4SGZmkI/hzgf1/lWze+IoEgFy8YwYhgAnJI4x+P8AWvPY5iMEHHrRLdSXM9hAmWK3AYj1A+bH5in7RPUOTU9UstQWxsWim2edMdzOvY9l9wOBXsX7H/xHPgb41WlnM+NP1hf7OkTfhVZ2XYw7feAH0Y18xLqDyThZXiQE/wDLR8EV2Phkmy1fTdSivIBJbTLKuHIJKtkdR7CsK9NVaUovqghLkmmj9kic0nWm+YCARyD3qG4uBGOOvpXwD0PpLC3E4jXAGWPQCmwRFMsxy7dfamQRkt5j/fPr2qbdxUX7lIXOKQn3pGb1qNnA5pN3Hcez4FQM5J70jNzTSaCT05wi8tCM00rCf+WZFWDwSPKyAeoNKMf882/OukyKrLET8oIPuaURhzhRz9an2qf4WB9xUlvFg7ux9qBiRRbEAxzXgnxInN341vW3ZWIrGo+gGf1zX0GRgZr5u1+c3/iG+kYD55mII9M0pPQiR6d8NLXZo8LYxnJ/Wu58uud8CWvk6LbjH8Of1rp8Gs7mit1HWq7QxNfG3xFc3vi3V7nqzXMn4jJAr7HnkEFnPKTwiM35CvjfXm+030s2MiViTj1NeZj9YxR7uUr35yPOviZ4uk8IeAr6/gcx3LKLaJh/C78A/gMn8K+P/wC2Fi8RI8WNltBgMygklm5Pt0r3v9qrVP7N8DWUCKxkkvQ21fRUbJ/UfnXyvYah5lxcOxGdqqB+dfe8L0lSwXPbWTf4aHznENR1MUoX0SR6Zp3im5ur3e0riJVzlTj9BW5bXdxMN322dc9f3h6155o2oLDCoON0jHIz6V1llI0oVE3Etjge9fYHytrHSpqlzbWcjvdSsWyqfOT9azotQklRi8jFd3RjmoNXuRuWGHiKJdoxxk9zRpumi5gWSW4SFdxGDksfwpaAka885+zWiqxA2bsduW/+tVqyzNGEClmPGAOc1HcLbW0sMbF7jy4lXH3e2aZPqv2WJjENqhSflyB09ayZSPKfHXm33xu0Wy2sPsdkzH2LgqCf++q+9/2dPCiWOi20zKDLJGGJ79a+FfhlZnxv8cL6YqWUPDagtlsKq5b9cV+m3wp0dYLKCMABFTIVRgY6V8TjJc9aTPpsPHloxR31rp2223lffB/z71TuNDivLdopFHIwf5V1otgIAo9Mn8qorblkkZR3OK882PFvGfwdsddeBXgDlrhCNpwSMjI/n+Vdf4Z+Htto85cwiTPCEdR3612bQBp0yAdgZgfcDH/s1aWm2P2i4AVSVQZJx/n1q7iPNr3w1Z22v3WnpMllPPEtzFGE2hlYkEkjkncG654ArM1HwQ1qxEsZXccblOQOv09W/KtH40Whi8e6W8KlDHp/UcH/AFje3sa1dH1qdoRHcp5gxzu69fp9aUtVc0i2tUcQ3hFZWLJ9AV5/x9W/KoZ/Cs8KjbKSB1z1/wA8NXp0um210odAI37Y/wA/X86y7zTprcfK+/b0IHJP+R+tQXzs+Af+ChCXemfD/QbSS4d459T3uCeCViOP1ya+DPMKpyc/Wvuj/gprrYSfwdoglzKgnupI8njOxFJGf9lsfjXwrMcKBXbF8sEjim7yG7g38IH0NSxlFRiQcngc1Ei47fnUrDCoO3JrSC0uQT2ZQyliSAoyfpUVsxdQ2MseTxUNzL9mtWx96QhB+PWnxTttXk5HoafMr2It2L9yHDbipAbBBPFQxEqTkrj3NEsnmRRk5zjBqvnk81rfqSkdRodwEvISXAG4DitO+cRzujSKdpxxmuV06VlbjIwa2L8sGR8/eUHPrXdTqe6YSjqWUKkZabaPQLUWnFJtTumSYqYYGKBhjcT2/LNZ8lyyrgGqGnagyPcTcHMgHPtR7XVIfK7HUWP+kP1BOetdtoaTTG0gtkM1zNOkUSL1Z2IAH5kVxmnLsZscq3zKfYjNdf4P8Q3PhDXtJ1iMI9xZXEV3Gko3KWRgwBHcZAr0Hdwduxxu3NqftNHtsLOKLcW8tAgJ5JwMUyCNpX82Tr2B7VR0HU4fEml2OqxNutruFLiEZz8rAMP51qNIBwOB7V+dy3sfTXuPLYFRtJ6U1pc1GTUoBWcnvTc03PrTHb34plWHk+tMLfjUbP0yc1Ez++RU7ibPZRH5aYVyfpSqCigBzn3FSKmAMc0BOuec11GIzzXXuCKliYFRlhn0zTdmakCDA4GaAIr5/Js55M/djZvyFfNwUXGogk53P1r6C8WXH2Tw3qUg6+Qyj8eP614XpduHv7dAMkuM/nUSIZ7d4Yt/J0uBfRRWvtqvpUXl2cYxjAFXCtFkWZHiiUweGdTcHBFu/P4GvkjUYeCmOhyMV9WfEKXyfBeqtnB8raPxIr5L8T6lFo1pd31w22G2iaVj7AZNeXjIuc4xR7+WSUISkfEX7Vvj99Q8R3lrbzlYdP8A9EUL/f8A4z1654/CvAtB8SPK0xlRJpC4G6Qn09qj+JHjC48QeJdUuZmbN1dyzkYwMsxP9a5vQ7gh3GQTvFfpGGmsOoUI7JWPi696851ZdWevWHiCSGWFUjhiCp0Ve55713/h/wARXQt5bhrhkO0Ii9tx/wDrZrxiK93XLOrd+K7u2vDBY2ca/e2ea+fU9P0r6GMuZHlyjY7OLVr1mBeVJUHZ1B/nW1aEzBHKqpbB2qABz6Vx+m3Dzsi43uxAHPqa7W1tpIbyBW2oqkE5YdAM0SIVugXZWW/mJ5bOMk9P84rE8S619h0a7nDA7YmOT9Kvtc24kdpJd2cttjXPP1rg/ifrMNr4WvNkKR+YuzHJJzxWU5KKu+hpGN3Y9A/Yy0Vr9rrW50/eXl1JtyAf7w4/IV+k/wAObLZZq20/dGM+9fF/7LHhoaP4R0W22EOlujtgH77LuP65r7n8KhbTSoiRgYyPXHUV8DUlzSbPp4q0UjrFi2xMfb/A/wCNVYo1IdOw4psF6ZFdNvJGOn1p1lGSruR1BOP8/WsbBcrQQBnYEcgAHH1H+FdVptmtnZs4Us0nrWXo+nG5mlc5SPcB9ev+NdDfDbHEqBQARjd9RSb1sI8g+I9k2o/EKIyAYSxjVtpzj55OPyfNJp9oG5ZOvP8AL/69bGt2D3XiLVLnO9owkLOvbCA/+z03TrXzXVWXGecj0/yTVvYcWQfZ2hXK5Az/AI+9RXBMsJP8QGQCPYf4V0c1qqqOPwP+frWVf2A6gcDjOP8A63tUFXPyf/4KQ3wb4321m+7Ntp0I/PJ/nmvkoxhzw3519K/8FBb77b+0v4jTki1jt4B7fuVY/qxr5rVcV3pNpHI9yWKAk9VJ+tSS258xsYIHTkUW4+deM0MMsT+ta7CM/VB+8gjJ5wX/AKCnoMKB0+lV32T6hISxwuFHH51dUxqOAze5Nc99bhsO3F4PdTj86iBNTo6mOUKg6A/rUaysvTA/AV0J3QFmyEhbgE/QV0bRGSwhZgQfmU/nxXLxzO2MscfWtVZc2DgnBUhs1003a5jNFHULsxbguc1TsZVWwQvJgyOWIxk4zVO9nIL/ADEDnvTbdiViU5wBXDKreV0bKOh694NtdMv7CFpxdPIAR+7kVRwT6qa6qW3gugDbWabowCGnJfgewwCfwrzPw5q502zUrtbDnj2OP/r12uieLYkb96pw3Bx0NfS0ZqUEzyqkWpM/T/8AY/8AGreMPgrpyTuDd6XK9jIBxwMMn/jrAfhXtJx2r4Z/YR+J0Nj4p1TwrNL+61RRNb8cCVAc/muf++RX3ITXxWOpOjiJR6bnu4eXPTTFJpCwFNJ4OOtRsxNee3Y6rCvIO1RGTOcjBpjtn61Gz4pbktjmcGo2PvTS2KYzVS0HY90BVieAPxpQAAP6U0wOTnj8zSmKQgDA6102MR2QxHzkfjT0Ug8kke9Q/Zec5I+lTocg0gOX+JU5h8LTKDgyuqfrn+leX+HbVn1i0HBBcV3/AMVp2Flp8A6PIzn/AICB/jXK+D7cza/a57HOB2qJE9T2C3XZCo9qlpFGABS0yjivi9c/Z/BN0O8jonH1z/Svij9pbWxoHwh1y+UAu0a2+1h13sAR+Wa+xfjdciLw5axHkvNnH0H/ANevgL9tvVXs/hB9mDBRc38KfXAZv/Zaypx5sXTXmj0oS5MJUa8z4N8XJZ6vZxyRWwhuixYvG3BH0Nch4f2/bCryiIB1J3D3qzq2oTWRUZ+UjisazvfN1FWXALdcfWvrqtVe1TZ81CL5LHeR3lrb3CEyNLubjaMD9a77StbsmkdWt3dRhQ3m4IA4GOPavK7dbae6tzIsqlM5Mbj5vqDW7Z6lFZz7TcBcnnfGR/LNe3SrPZnHKCex7JotxYXVyqwi5heP958xBGR710ttO7zTSE5VUfr2yMf1rznwtq8K3ITzYWZvnJR8/KBx+ddxZXHm2F7JH88YVVJXPB3A/wAga7r31OS3QjlYKxPA46jvXm/xMlF9Pp1gp4ubhIiOo5YCu6uBcBckeWhGcyHYAPxrzPxJDJqHj3w9axTxSs93EQEOdvzg1wYyVqMmdNBXqJH6GfAHTxcW8BUYTJYAgfdAyOw7ZH4V9UQ7Y7VYlHyqAox+I/qK+ffgVpq2GnWqrwoIA/3QcDv6NXvmnu0hhO/duwf/AEE+/oa+KerPoje0uzed/kByQMcfQ+nvXTWmiskG18DscD8KZ4ct0ggMjAdAefyqfUNbSKQxA5/hOOvf39qzbbdkZly0tliCKqjbk9vp/hVmaNXMecnB7HA9f6VkjW2LIsMG9mAA3cYyTWvM6wJl2+Yj/P8AOs2mnqNanLtAksF/IFAMl05OO+3Cj+X6VnQQqs5zgN06dP8AOa2NG2XuhGQMCHllY495G/pWZMBFI2cDPX/P51shEsqhwOR/n/JqlNgHGM44/wA/lVtH4yPoOf8APqaqXblI2fsBn/P5UwPxa/bruY7r9p/x28TblS5iiz7pBGjfqprwCIZb3r079ojUZdR+M3ja4kkMjPrF1zn0lYf0rzeN/mIMa16VrKxz7j0wAx44FQFwAauDYLd8xgZIGcmsu+mWOF8AqcYGDSlohb6FG1BZ5JD/ABMTj8auAe9RxR7FAPHcVLtz/KuYoltsPLtz94EU0DrTrdGEqMAcA1LLbsJpAcINxHJraG1hESn5qmvrg22nNg4LEAUtnbRS3UavKwUsMlVzxVfxWIIr4wQTmSNMDLpt5+nNaSfLByJWskjCmlLLyepxVqAZK/Ws98CdVLDA5yK07OSPftbcw9sCvOi7s6JbHTaduksyoP8AGO/sa6DSrSSUYQF2P8IHNVNCvIYNNcizhkKuCDNl+xHTpXQWOv30+FSYxIR/q4QEUe2B2r6fD2SR5VS+p638HdWn8FfETQNYmH2aG0u4p3y4VmiDguAM91yK/VuC5jureKaFg8cih0YdCCMg/lX4v6JNI1xBLI/zq+0gntX6o/s1eI38S/Bbw7PIwkkgja0Y5z/q2Kr/AOOha8vN6d+Wp8jpwM7NwPUTIR6ZqN5PalYVEQcdK+aaPT5mNZge1RP604kjqKjkOPapRYxmqKR+PShmqFmosK7Z9EUUUV0GYmD60AY75paKAPPfinIDPp0ZPQO2Prj/AArO8AQedrgfHyoCad8Q7v7T4iEQ/wCWEaqfYnn+taHw3twbq4k64GM1D1ZG7PQaKKKss8i+O91gafB/ss/6gf0r85P2+9YEPhvw/pu8q0s8k/T5cqABn/vpq/QD9oG7xrlnEDytsD19WavzS/b6vxJrXhq135K2skhXPTL4/pTwfvYxeSOyq7YJ+Z8c6r5sjBXKuAOxrIt4pIb+E7SPnA5rX1jaJSMDjA/SsPz2juo2DEbWB/WvYrNc92ePC/Kd5pOnTT3aALwvJBPao52aa/ZVB+VuQa1dP1W5XlZTnaTkAUsF7eiUMWjkYnjzIVb+Yr3oqNlY4Xe5s+E9Rez1uRyEEqxBfug4HHrXo9r4guTo8pF00atMoKocA8E84ry6HV2utUm3W9tEQTh4IlQnnvt4/SutglZdIgUnG6Ynn2UV6NOXRM5px1ua8+oh0YklumCT9a5j4bRrr/x00FDgxQSFznoMDj9SKuST7LRpAevAGevGag/Zwie9+Lc8xUkxWzMDnGD5iY/ka8vMZ2p2OvCxvO5+n/wkkCWdv867RDng99mfX/Zr2rTocSKoGQox0/3h/QV4t8LbcxRQRnJw4jzu68Mvr7ivcNKw7FtpyWyMn3B/9mr5Znss7O3ZmtFiiYBj79sH3otbSOz8y9vG3AMSo9f85qCwuTAUYkYwOM+/1qhr/iiFcRHDpGmSobqduamz2MzqIJkZyRGu3ghiOegNUNVEksoJlOzBwB9Rnv8ASq1tqAmZwVZjgYAB44PtUN/eFz95lVVPygkelJKzApeAplfwzbQ4JyzjPXqSff1qxdxLLJI3Qds/596r/DqBl0ZfMz+7GeTnt75pl9q1sl28IffKOcL2z/8ArWqvq0Ow1ZPLYemcAf5+tN1GYJazO/RFJ59MZ/xpJJFmHyn3OPx/+tXM/EzWjovw98S36na1vptzMvQYIjbHP4inHV2E9D8LfiJfnWPFmr3zHJuruWcluOWcn+tc4q4zgYPtWxrsOLtyJFfJ6g1mrC5zwfyr1Zxd7HNFq1xkg/cKOg61kageUT72W7+1btyhRUUjAC1gXrbrwLkcDNZ1dBw1LbuAkZCLyo7UizOBnOB7Cmk7rdD3BIoBrnbY2h4kY9WJqe5HzK3ZlB/Gq2PbIqzcNm1hYe6/5/OtaewiXSE33iE9K57V5jNqVw/+0a6nRwUtrqbP+rRm6e1cTdTYEkh5PPNRiXaCKp6ybK6OZJ3I6ZwPpV6CXy3ByazYWK8DrVyJWfJPauCLszoZ12k6oPImTGdydPxzWzZ6uUjDLlXHJNcpo42ynjIKmugis52hBKeUnZ3O0f8A1692hUlyXPPqRVy3c+JZYYbl0kKNwQR61+jX/BNXx/eeKPhdrWl3knmPp92siNj+GQEf+yV+YOseUgMCziVshm2KcfrX3v8A8E1/F1p4evptAaB1fWwdsxbgPEruBjHcbh9cVjipSr05LsVStTkn3P0Hdc9+ahZSM81bZRjp+NQlfevnmrnobFVtwPc/SoJHJzV5o+aheIHtUWtuVe5RbLE9qjYYq26betQyR55FHLpcEz3oapZt0u4D/wBtB/jUyXEUn3ZUb6MDWXPb6dNEyTQbkYYIePOf0qkvhnQS0BW3ij8niMBNu3I9q3szO6OkzmlrGTRLIFvLmZCw/gmYY+nNLFostrGggvrl9vH7yXdnnvkUhnmHiBzc+I9UdsjE7ID/ALpx/Su0+G0GyyuH65fFYPi+EW98IzEqSYLOwOdxJ611fgCIx6IWPVpCf5VFtSVudNRRRVlHzP8AtB3Ql8YyAN/qoUTGfqf61+T37Wvit/EXxKuLmPfJaQqLeNuSoC8HB9zk/jX6Q/tQ+LTpt54ovY2CywBooy3QN90fqa/MLx3psms+J5LcSMPMVSMnj3NellOGdV1a3yROOq8kKdL5s8Zu5/OdseprKlyH/HvXU654avNLuHBRXXJIOe1c1clY2G8YP1p1VKM7SMINNaHomlODGjc8oP5VoWrobqME/Kp3H8Of6VneHo4Ly3gdbpQTFnYytgHHsK04tMkdbiVZ7dgEIA8wA88d8V9HSTcU0efLRiaRia8kPmRqCmS7npzXTxtaLZ2yG6eZhI+REnsPWuKsILmznkMkTKhXG4cgnNdBFJtsoML8zSPkntwK66cvvM5K5r3t5aJaS/6O0iKv3pXPX1wMYrov2RoFvfGGt3IVh5caINoOMHef/ZRXBeILgppLYJ3MMnPSvRf2OCbS71q42ljLLHEGHPQN2x/tivIzGd7RO3CR965+k/w6mWJ7c+Y2DMT1OPvAetex6POgtY5C+Sqbic+319q8K8D3myKFWBG2crwMZBYY7e1el6dr0kdnGvVTGc++FP8AiK+eueo0d42rAKSW5YYAJ5xke9c5NKs08jMxVTHktu4+6P8Aa96ba6sb6ZcFh2/8e/8AsTSRs5kgVmO3YAR7jZ70Iix2VvdlbZtqgblXkY6Yq4iFbYuxdR5ZOVHsPasyAwm1VlbI8tec/wCz160l4yzQFAMr5ZHI9hVIhj/At35fha6nY5C8A9Ow9a4fUZ2a9mkRmyjdOoPB47jqq10PhO6MHgG7IjI/efcVeSSBn0rjb4zRMTMoR9xckcZPXrwf4P1pPqVHU19P1xo12sQG5YjqMDgeo/hX865H9oHXY4vgl45lX/oEXKAev7th29cD86dc6gd6hwUYEkPjqB05/wCADv3ryn9pPxFJH8EPGK5A32LQpnqQxCn9FP51dL40VUiuVn5S6zzKx65qnA+H4I57irGsHErD+dUYHDyDBwQea9eT9489di3eXhV3UPkAYrm5pDNeux6gAZrUvDgsw5JrJtpjudgFySeSM1x1Z3ZpFWLkWWhcDnBBqRYXYfcYH1IxRBcSMHXOPlzgDFLGSeM559ajRhIk8g85ZU+rVI0cf2Qgy7iGBwoqCQjpSQDcky/7I/nWkXZ2JRu2EdtH4f1NyJS/kNjkADivONRkX5UUYycnnNeiwLs8L6m2P+WeB+PFeZXL+bcnHbis8W9IoqityeAAN0FX4phjARfyqhGvU1fiX8MVwR3Ohm7o9zKFk2t5eF6oAM1dkmEUZkdi2BnJ71mWcqwQSZHJFVr2/a4URrgAV6UavLCxzOF5EEDNc3y5PLnbx719gfsxyPoWv+EpUYiZdSgZQOOfMXj8RXyb4dsTd6rbLjI3rn8695s9VvIrWcaUJY3tAXWWEYKHPBBHp616OCpOdOfmcmJnyyifs40Oe9RyW3TvXBfs2+Nr34k/BPwtr2pTJc6lNbmK6mjxteSNihbjjnbnjua9KMVfMyp8smmemppq5lPAV96iZPatZ4Ae2ahktuDjNTYdzIeP2PWqzpg45q/ezw2igyuFycKO5PoPWq4sLu+YNj7ND6sPnP4dvxqLWGnc9260hjRuqqfqKdRVDIHs4JDloY2PqVFLFaxQMWjQITwcVNTZHEcbMeigmndiseV+J5vP1i7ycgOQD7ZrvPCEIh0K3A7gmvNtRbzLqck5yxA9+a9V0SHyNKtU6YQVHUSL1FFITgZPSqKPzQ/bT1iSw1mDSWnQS6peSTFd3JjQ5PHfkr+VfDHxb1SeyuDc2R8tjF5SMPvfX619A/8ABUJ7qy+LPhi4hkIQ6WWCqeVbz5Mn/wBB/KvkzVfGUniHw6IbzZJcQ8ifOHI9D619Dl1WFLBumtG7s4MSpVKyk9UrI4C41i+lY+bcySH/AGmJrOkcyuNxyfetC+jjch0Jw3XPaqBhAbhua8iTk3qzrVraHf8AhBw2nREcEIR+taNxJ5aXCD7wABwfesfwaudOVev3q0X+RJWOBkj+tfSUX+7iefNe8wsbjyJiGyflPy5rf00mSzhfGT5j5zz6Vx9jdq+tRAoJF5G31r1LSHeLR7do7aG2TzXxtTLdF7nNdeHanczqe6cp4rZxphyCAT717T+yHobyaLJdN/qp78gELnG1VyT8p/un8q8R+IeqTTokTTSMFIGCxr6b/ZgsYtO+G1i8soHnlp5BIoBXLEjkjoVU/wDfVeNmEk6lj0MGj6j026e0soTGxEowTkAZbGOeB3Y/lXeeHdY3MrMpaMgMgODxkE9vRa8p0m/S4x853qSWUMAN3fv6lq9Y0G3S8to/vbcd/Q4Hr7mvHPSasdXaTGKVGQEAsDj2x9PVjXQwurTxYDYDkcgj19v9muc0yxMQHzHnC9D/AHifT2rZsFkLjCgjAflcZ+Vv9n3pmTOys9zWUQAfHlKMDI6KBWmU3QpuZQNvQ/Ue9UtN3pAiBi5xjAP0rpbbTwIleQFyqchsjHOehwad7GDOR8DhbnwfMo6idhxjtx2+lYfiZFiUh1Jyykjpxk/4V0Hw6Cv4VumJHz3c2OmPvt/jWZ43twltK20ZBGMf8Cqnuxp2PMtSiMnMZ454TAOB9Mf3PTvXhf7SU32T4ReJknkJjFuqBQcNkuq8Zx/dY/jXt9/Lkqu4gtlSGPy44J659/SvDP2mpLZPhH4oRxukS2QrjjDF1A6H13VpS0mrmkn7jPzR1oKZ32ucE8FlrMgQpLlXU8E8da0taHzEH1rMCbY5WB5xivSqfEzz47FS6kcROWB4HWqVoNsS561JfMVgYd2IFJAuEHU+1ebJ3ZutEW7UbpQPXipVOE461HbI4mjO1sZ64qVbcjJLxpjszDP5VqtiXuRl8VLacyPg5O003yow3M27/dXNWNPSIXa4LuSCMdO1VFXkkQzVuDt8Iamc4+QH36ivKVYlyfU165e3MMfgjWUW3Bdox+8ZiSvPYdK8ijPzCoxqtKPoOjszSgBJrQjR9vCn8qo23JwM1bEbP649TXBE6GWMv5RAIUZHU02OIA5J3Y9KdCiojqWGSM8nHSlW0aUZByueCCMV0og9D+F2ntNeNOtvCQucGWMNjAz3r0ppLzVplsIpWFgh/ernCNj/AGehryLwj4wfwrBNCdkkbkMA3YjvXY+GvilLr+uLp6QrHbSf8tF9QM5r6TB1qapqF9Tx69Obk5JaH69/sn6Amh/ALwtCgAWWOWcBRwA0rkfpivWmhxXzH+w38dNM8X+Dz4CklI17w9AZvnPE1s0hIZT/ALJdVI9165r6eEk88gWOMbT1kJ4H+NfNV4yjUkn3PQptOKIJQIgSxAA7mqhS4vARAghT/nrJ3+g/xrbTTkRvMcmWQd27fSkccGsLWNVozHi0aC2bzCvnTf8APWTlvw9Pwp8igGrzjiqsy5NQ10L8z0+ikGcc9aPwrO5qLVHW5RDpVyxO0bCM/XirhJHYmsTxnKI9DfP8TKtCdwPNmO+aLvucfzr2K3Ty7eNfRQP0rySzjE2p2SAYBkFevAYGKOpMRagvpPKsrh+m2Nj+lT1x3xf8SDwh8MPE+sFthtLCWRCOz7cL+pFVFOUlFdRt2Vz8dv24PGFv8Q/iI+oRyiS1tFNpBlSCUUnBHsTk/jXx/qdrJBI5QnYeor3v4uhntfOjQSeWu4554rxq9vbO9iGEaGToccqf6ivqcVQhTjGEdLJHl0qjk3JnLluMHp71WJw4571pXlmS7NFh0HdaypQQ3PBFfPzTTsz0U7o774f6gVspFaNJEUsPnGe351satcWJ0tA8EkMjMSZI5MgnH90j+tct4BlLR3MY7cjHuK09eYiOEDjgk/5/CveoztQRwTX7wpaJDE2t2+JQfm7jFetfbFt9Jtlj+YDex47k/wD1hXkfhiMza/bIFJyTwB7V65e6NcW1rbK6pEfKz+9cLjLH8e/6134HWnJ2MK/xI808bTlrlRk/jX1f8LtQisNF0y08wlIreKF8cFkAB556jAFfJfia3luNcEAeOVi4QbGyDmvr74W6L50kMxIMTnODwQvT1rwMY71mz1sLpA9q8LRTyLFIHYeZjcd3Xuf4vxr2/wAF3Mj2aK3LoqgqRySGHsfSuM8EaTi1hVkVgMDBPpwR1r13w94etlAbyucc98/pXBsdTkbOnwi4ERMQAJGTj2P+zWxZaSibZNpHyYAA9qksNNjgVQAQRzjH/wBauo03RHuNi42hu/altqZORp+GU8qCJ3gJU9GCE9s56VoX2pGaG5aLCxRREszAg9Cen4Vq29utrCkaDCqMCsHx3dxaV4Q1SUgI0kJiXaMFnb5R296zTvIlnH/DRJo/CwjcjcxEh6/xKCaseJbNbmxkC5zj+97N71Y8C2JtvDwVudvy5HcjOe30qzqSZtnwpI6YOfQ+1dPViR4Pr1uY2IAxycHHtXzz+0zJ/wAWk8TCbLM6I+49z5iBR0/2ietfWHijSEurYrHhHjZjg8d8V8sftS6Y3/Cp/EUhUsiRxM6bsZAlQ/5+lb0VeaFN2iz82tXYtKf5YqkhVYGzwCQMitLVjHJOSsZjHpuzVBoFaAbWxlu/09q9CotWcSdjD1crHJEq85OcGnw3TqmFOPoKra1lL6NTjAXtz3oi4UV5UrqTOpbIs+aznJYk+pqaZx5z54B5GaqDIH9asOd6xHvjFUmJi7wD1/SrmnHN3EOgzVEDDeo9a09PQrdwHH8Qran8SIlsa2pLjwTqp6fux/MV5KhANev6x/yIuqZ67AP/AB4V48Bk4qcw0qR9AoaxZahu3hfclTtqVzOcAgZ/uioILVpME4xWlDDHbL0Bb1rz0dDEtLCSQmS4LBQCTVqBkt/lU7R71G97IiFQ7DPv0pEkVlLM/wA3rWyJHzy7lJaUdMdDXbfDeC3tke+ZnnuQfLht4Rhmb1JPAA7msGy8HX2s2nnEx2FqMEyXJKsw/wBlcZP5V1Ol3Gm+EbJYrJGnu3+/czqOPov+P5V6uFpONRVJqyOOrJOLitz6/wD2FL+1+H/xh0y/1JlaTXFezuJC4AHmEbAATyodUGRx3r9UgmCMKMV+DPw91vULzxtaahb3U32uF/MMucHGeD+Br94dEuv7R0awuzyZ7eOU/wDAlB/rUZhFc0ZxW5nQbScWTsvy1VkGDV91+Wqcw5NeRujqZUYdaryDIq045qBlwDUPuarVWPSKKxYvGOjykgX8akdd6sv8wKuQa1Y3P+qvLd/pIKg1L1ct49mxZW8QwWZy2D7f/rrozcxKhcyJsUZLbhgVw3i/VrbUktZ7OeO5typ2zRMGUncQcEe4xR5A07X6GV4bjNx4htFwMKd1eqV5r4ETzvEDuR/q0/nXpVImIV89ft3+IH0P9nbVoYstNqF1b2iov3mG8SMAByeIzX0LX5t/8FXPj5Y6HqPhbwPa3IN9Zh9Uu1XJMbMNkI+uPMP4j1rrwqTrwctkzOtfkaR8u+ItCi1bR7iFds0k0JRnzwpIxivlnXfDeo6JqEtrPbSBkbAbacEV634b+PdkxWLVgWB489FwR7kDr/OtfXPH/hm/sjeEw3JztRkByPcjqPxr7GvGjjI6T2PHhKdF2cT56mtJ1LAowIPIxWTdHy5Cp4I6iu38VeJtOd5PskYYk9xXASzGWRmY9ea+UxEYQlaLuetTbau1Y6r4dAz6ncQBhudMgE4zz0zWt4mV7e4EUimORRgqwwRXN+BH2+IYx2ZGH6V0viLUpZrny5WEgVQF3jJ6etdtCV6FmYzX7wh8IsY9et3QlXAbBHrtOK9P1SwmtrYT3L/OIUPBzjIz/WuB8A266h4ltItihmyOCa7v4j6msZuobZ8oPlyvTjA/pXr4VqFCTZyVdZpI890OJtX8b2SDLhrgNgdgOc8fSvun4W2jPJagJtwVXcQR3/lXwl4I1Ead4miuDtJXOCwzzX3b8G9ag1IROoG4YHCnqecfd+tfMzleTZ7FNWWh9Q+DLMhIjtP3uME8ccd69c0Ozwq8E8cDP/168w8IwqUhKxnHfj2+lewaHGEhVivzYrJ7lM39M07cylvY4rstOtxGOn3e9YelygFTuGDjv/8AXrpbZlMQKsDnnrms5shE9eXfFm8/tDW9E0hGBWNjeTr9PuZ9iQ1enhhtBrwsXTeI/Gms6g2Wxc/ZIeOkaHHGR6rIevenSV3cGeoeFrVYNKSMjvjg/wCfSo9TtTEjDbkHJHA9DV3RHEFiqyNtw2Ovtz+uaXWNQiS1cAb3wcDn0P8AhTu+YEeS6vNHDdPkrjc2cY9WPr7V88/tZaXHcfBPxRNARuW03uh7gSLz+de4+JLt47lmJJyrYGG65f1Br57/AGntQH/CmvEi8BpLR1wMcjcD6D/JrppStNDnG8Wfl/qvMh9qoMxEUYIxyfata6j3S5xT5LVJIYgAM4PPrXsyi2edc8/1NvM1CQ5ztIFS26s68AnHoKrzybr64xj75wcehqWKV9uNx/OvD3bO3oWPJcE/Kf8AgXFTrDi3yZEBDdjk8/SqZJ9zn3qWI7opFzxwfy//AF1SdhE8ZjV1yzNz24rd0h4Eu4CY2f5l4Le/tXNJ39q2dOkKyxODjkV00Je8jKa0Ou8RXhh+H+sQR28MQdBuITLfeHc9K8MBxXt/iXcfBmrEdDH69fmBrxAVWaaVI+gsN8LNTTVZ4zgEkHtV6OwuLhwERmPTgVi29zJAf3bFc9fetK2v7lEyZSoPp1ry42W51O72NGTw5NE265ljto/ViC34KKltb620eT/QIRJOP+XmUZYf7o6D+fvWZJemZArMdgOcVYieHAI61upJP3NDJp9Tb0a8uJ70vO5YFW3E/SnT3TXd8scCmWQnCjrj3qnaTswEVuu+SQEAenGM123hDwittIfOuYI7o/edgzY+m0GvVw8Z1Eoo5ZuMdWdX8N7WLRbhWdv3hA8xieOe1ftz8HNft/Ffwq8J6pbSJJHPpkAYxnIDqgV1+oYMPwr8YLPwxZJbhhLc3RLZLx7YlyPrkn9K/SL/AIJ1eKpdT+FmteHpVdP7Fv8AdCsj7ysUwLYzgfxrIfxrfH0rUoyXQ5aM7zaPq1hVOcVePSqlwOK+fPQWpQkFQuM1ZlHWq7is7Gkehz6ksDgjJ7mm7QqjpnJPSgrhT3A96YFI5zWe5SEnUzwSRKfldSpB6H6iqei6Quk2UVpHgQR5KxKTtXJJOB2yST+NaG7Jx05ogyHIB68ZNLqVzO3LfQ6j4cQ5vr+TAwAFFd/XH/DyALbXkuPvOBn867CkikJ0r+c39rXx5qHxO/aJ+IWuXE8s8MutXUdsZOq26SMkK47YjVR+Ff0ZV+Of7T/gXQfh38SPFOi6/aR26wXMlzA7Qh2uLdyWjYcc/KQD7gjtXoYPDxxE3FysYVqjppNK5+ezW0gySxFNWeaHIDnA9DXdeIvE3gya4YWOi3wGeH+0rGCP93a3865PUtV02dh9jspbZe6ySiTP44FKpTUE2pp/f/kVGTlujOdvM5Y5NRcBScfrSyOrtlDj2psmV4PWuUs1vCEgTxDadcEkfoa39Z+a8f1z61z/AIO2N4jtPMJVMtkgZx8p5rqtQsJHvn8tknBbI8tuvPp1r08PeVNpdznqaSOk+Etj9q8TI+dgiQuWOTjBGf0zVnx8bK0tpES5mluHOT+7AXnr/FVn4a2L27auZs2rrbHDOMYyD61yHjG5V7oor+Zg8se9exUl7HC8rWrOSK5qtzm4Lo2t7GyNk5zyK+wf2cvFsMjxQSSgO8iYJx9P618m6T4an1cebGpwTwcZr1b4d6RrHh7ULee3imcK4b5Af6Zr5jeR7MEfqT8OtUR44AZAe5PGMV71oJWW3jKEEEdzXxR8GviE9xBDDexPFL0BfcO3uRX1b8PvEi3bRxb8qV4Of/r02KSPTrCyllkCqwUH3P1ro1Y21mVzubBG7nnP4Vgw3ASJmAywHygA89/StK6lMUaoH3EsFwADnkfSpkjIvXMvk2cknKhUJyD0GPpXj3w5tEaFJ1yfOcybSOSSefTvvr0PxfqH2bwrqz4WNltZOcr2U89ayPhlZRRaXDKwUsI1RAO3HJ6n0anH3YsDr101fs4Rhkgcn1Pft65rDvtBuFd23KVx0J6Dn29q1NU8RWukRvJPKqIgJ+Y4zjPt/smvJvHXxpS3gkt7VwAxILq3OB9D/stUrmLjFyehx3jHUEXU5Io3DBNyttxx85/2h6188ftGaxv+GmvxuC6CwYbTnDEmPjqf71drr/ioSiZhIfNJLMWJPoc8qe6j/voV8/8Axs1a4vPCOrqeVktmBU9QoHH8I6jafwNa03aabOqUfcaPjm7kieXKwJGO+wn/ABq6JbUwRfI6FIiS2QfXtWZOo/8Arg028kWGwnfPCwNn67eK+kbsjwWrnm8Lb7ok87mP61Zi61SgOJAfQ1opBIXOEZhnsDXzUdT0GOyCKdGfnwf4hT/s0gb5sL35IFOhjSOVC0ijByQBmtEibkS9K07B92wYz6VSZY4pWB3Ng9MYrb0S5tcBfsqvID/y0fOR9BiuiivfREnodD4i3HwdrAAOBGTkV4lXv3jPVZf+EF1JRsjikgU7I0C9SB1xk9fWvBVhyAc45xitM0/iRXkRhvhY+FADluRUrTb8KDxSOhL4zx1zVqKCNuAVz9a8lHXYjThD371PBbzXQGP3aZ+8f6VZhEMCNlQzY44pizNcMecL6CtIoT1Og0qCO2UBOSOrNya9T8Kww3zo4cbmQEqeAeOf5V5HaP5MPWtvSfE82j+TIhbAyP1r3MHWjT32PPr03LY+hdFhKxtB8oB6Z9f/AK/Nfdf/AATmtHSx8eTEMY3exUMehYCcn8cMPzFfmv4f+JUNyqrI4UgAHJr9Kf8Agm94jtdV8PeMrSGRTIstrdbc84ZZFOPoUH5j1rrx0lLDtx8jgpQcalmfYsiYJqnOODWhKvyGqM4r5dO56sShJVY9KtScCqzd6T3NInNsu1RzkelBBHHp2zSOCfQA0u0sFZuP61kUN2k5A7U5MFSck4pTJyTjGelMJ/dNyc44wKTHqej+BofK0RGI5c5roqyfDEXk6Far32g1rUlsaIQ1+VX/AAU71K1tfF8Wrx24l1G2vRaB8ZBhEXzq3tnbj0yfWv1Wr8Wf+CmXj+aD4pzaTA7NIJ7mZ1zwAZSq/ohrqwz5anN2MauqsfPNl4N8DeOvNkjuX0y8ZC2yM/Lux6EY/lXEeJfhDdaSzvZ3kN9bj+L7rD6iuY0/VNQsLgSQTyQv6qcGuttfGmoXtp5d1cSyZHVmzn869hVMNXjapC0vI5uWrB+7K6PO7m0a2laN8B1OCKgPWt/W7eOe4aVCAxPI9awniKEg9q8OceV2R3Rd0anhU7dcgOccN/6Ca7Jot92+B3NcX4a41q3+p4/A13SFVnc4zye1ergleHzOWt8R1Phy78jQ9YWedwpjQIM553Anr7D9K871ecSXTkdOxrtoL23ttBvllh8xpGXawbG3Gc/nkV5/eTRSuxCsuT65rpxsvdjEzox1bPXPgettqZS2kAk2Nyv4+vNfYnw68A2V6sYEK7M9HHH618BfBXxKugeN4FnZjZ3TeWw67SSMNX6T+GtPudM063utPImjiBMqoRlgeex9CO1eInc9OOx6f4d+GFjEsbRwCPHpxn6dK9i8I+HBpipdRgkKucnv/OvOPAfji2kRY5MgjhlYYI/l/KvSoPEVpBb4glJVweBj5OO+cHFNg0zubXWVFzDC6jDkDHGRzj29a6e1ug10Lp5QIo0PXJ5JA6ZrgdKuJWvIiAQOCr8nuvPU10RZBGgdlaR2CZwOnOe1SZ2K/wASdTN34R1aOJvvxNEGweSwIpp1uPwd4SjmKmW5cAIoBPp7ehNZPjlol8MXahVHzxjII/vj1qje3X22yjjI3iMqAOO+0f3ven0sUkec+JvFeoajMz3PmALwEAxk9/T0b868/wBcu5S7FnkkYEAgc5JP1PTr+Ney3+gRX6uQoUj5gOOcgn+/6sKwL3wPF8xVlbcd68+hyf4/9kfnUnTGSR8+eI7y6MG2FJJF3c/K3OFPsfp+Arwz4qW2sXmi6g7xOsYjmLBQx4G/H8I7Kfyr7dv/AIc28i87ApPbnnHPc/3T+dcV4o+FmnXlldq8KSJJGyudn1BP3P8Af/OtYfEmOdRWaR+W8w4BxwR1rJ8TzGDSrjGPmCIP8/hXT3jWyPJC1kimNyhKu2cg47muR8eSpHDHCsZRmlJOGyOBj+tfQV/dpSlc8KOskjjIpSHHQfhWkJHYjLHBA71lgYOelaURDQI3ccV89A7mSsMqO5oGRj0oJ6UoJ7VohE8y7pM5J3AH9KvaNGTd4wc8VSbmKJuxBH5Vp6Gn+mxjqGGD+BrogveTMZPQ6L4jy/ZvBCZIzMI4/wAiT/7LXjU2V2Y9K9U+L0xXSNHgDHaQz4Htx/X9a8xlhLWaSgZCnaaeYyvWt2SDDfAV2mZ8Amp7bKnPeqyKWbAq2iMeK8pHWWInLuDya0oYD5m1QSc4AFUrdBHg5yc960G+0oD5Xyr1yOK2gQ2bFlpDmRRPJHADgDe3P5Dn9K7/AErwVo17pCsZ3vJo2IMdumwc9Ms30PavGzc3cTZO447itfQvGt1pUjfO20jkH65r08PXpwdpxOWpTnJe6z0J/C/9nzh7Wy2LnAMhL/4V9PfsSfFjV/hd8cPDy6pKLfw5qavp92VQKih/uNgDtIsfPpmvm7wr8VLO/jEF5HubHXHSvdPgsg8aeONAsbKNdyXIm3yMFVAis5JJ4A+SvYn7OpQk47HnPnU0nufqfqX7QfgaxDL/AGs8zL2itZTn8duP1rz3xD+2R4N0WOaV7HVZYIioMiRJjlgo4L+rV5PL8PX1SURxajDOp4J06KS6Kn3ZQE/8frI8Tfs0X+teBbuY65BpzXUati8gIkiw4bDBWIz8uOCetfHczWx7CgfbDMsiI69GGRXLeJ/iN4W8G3Ag1zxBp+lTmLzhFdXCo5TJG7aTnGQRn2rzb4f6v4/1WwNrqfi3Sr14l8nOh6WFZcLwd8srAnv90c1y3iT9mBPFmpXV9rfi3ULq8ni8hp9VghlcR8nYuyT5RyeABUVZVHH9za/mZtSS909xkJDZIB54FIVyDxkZx1ojkE2CyGMHkA9RScg/LznsKZqL0+XBFK0Z2Dt8wHH1pzqSOe/p2p8UJMlum4ndIOKdhI9W0qPytNtU9I1/lVuo4F2Qxr6KB+lSUjYbI2yNm9ATX4R/tp65/af7QWtTSqtxEUUAMM4BJb+bGv3I8V339meGdVu8geRayyc+yE1+B37TPiC3vvi5ra+WSUZYi4bGSqgHt9a9DA2c232OWu9jzJbDSo5Xmlx8iFhGO5xXMalfRPKRAioOwFdGdLF9bzuqucJ/C3qfpXN3WgywNuZXQdQWIrvxCaiuVGVNq+rKjWjToWzk+1ZlxEVdgeoq9NcmD5VlyRxVK4k3lmzmvImdaJ/Dknk65aNjPzf0r0OKO3u7thv+yvzy3KE/zA/OvOtBUHVrUnrvFegCEZYr1I/pXq4HWL9Tnq7ol1izls9HlLrw2SGU5VuR0Irh5j82M4966zVZDFpUqg4BXGPxrjnO5wKzx0veViqK0N/wfpSzarbvu27WDZFfpr+zv4ri1nw9FbT5keMBQCSwPH/Au2a/M/wzJJbTqQ3y9xX2V+zJ4uFlqkMMu0DeCGI6f5z615cTvitD7IufBkbzLPCdjEgbowMH16H+lael/adNdY7jcV/56DI4z+FbnhWc3+nxYO5SAvJPTueQ3sfwrZl0uG5yY4zEGBOEHbrzg/Xt2qwJtD1OSF4vLI2MVyD3+cDIyP0zXc2dytxPbKCeJORj6+hrzqx097C9j+dk+cHBOM4OfQZ/Wu3s/MNzCxclcrnOPQ/7P9aCGJ8RTFH4RvSd427G3Ddx8w9K5xrgTKVQMNsYJLZGcEeq+q1f+JFxEfBeq/db5Bgcdjn19qw9LmgltdyRowfIzlOnznsfegqOxZj1D7LHCXzx8pwW7D2X/YNOa6hQjO9VT5hnfjA/LshrM1mSCCJy+3aN20ZGSf3gAA3fSsHVb9bi4VWijRMHCDZuIw/3uvrSLsbV5qaXsuxP9RjOD/ER9W6fIfzrF1O5SJFLeUFA2t93HHB7H+4fzrKW7mZHZXIAcgBf+B+if7QrM1ET3DXCPMwGc9H6c+4/vVSE0fmB4/0pdG8eeI7GPCrb6lcRKB0wJWA/SvMfH8wfU0jGMLubrnqf/rCvafjdZGz+M3imEnBkvzNhgf8AloA//s1eFeKLlLjWbkhCdrbfmPp/9fNe1iZXw687HmQX7wwxzV6zDeSwCk8g9KqhvQBfoKsQSFiw3Z4rxo7nUy6tvI4+6FA/vHH86csAUndIv4VDHJwQOKM+/Fa3RBfiMBtWHzyMrZ4AX/PSui8MXcMFzaMtrCxEhAEo35yM8jp2rl7TnzF9VJ/rXR+HELGI45Ei/jwa7sPrJHPU0TGfGnUpNQ1LTI3KgR2vCooVRlj2HTpXZ/sc+CLL4l+K/F/ha6tluZL3wrqpt1ZNxWdIfMiZf9oOinivNfiTcfaPE8q9BFGiYPb5c/1r1z/gnx4mg8I/tdeA7i5l8u0up5rGUf3vOgkjUf8AfbJ+VcmKnzYiT8zSnG1JJHzXCBv547VZDqmeav8Aji3hsPGmvW9rGIraLULhIkUYCqJGAH5AVhli5rztmdRca87LyasR6neLjYpGBjmqCRmNgdpY/Tip/NuM5EZAPtVq4mXzc6tLhTJIB1AVsVYs7PX7t82/2p/cSYB/M1n/AG25CqSvTir2k+ITZ3I+1RGW3IKuoOCQRjg+tbxavqZu9jatdS8U6Skka2sxDjDNsEhP44Nel/BX4oeK/Bniqzv1t4YdjFd80QUplWU4BBGcE9q80tfDNxrMhk0G4e+43iBH/fL7Fep/DNZsd1qXhzVomvIZo2R8lJ1Knrzwa7lOUUlK7j+BzuKlta5+t37PHj3T/ijcRaqlxf3OrWMm24hnujKsWQQGxwNp56L1r27xdqrTWD27qGRuoNfKP/BM34f3F1o/j/xldQO+lzCK3sJycI7qTJJgdyuY+fc19JeIb7z2ZQOAeorzKqipPk2OqF+X3tzO8ArHptrqyW8fkjz9xWIYHvwK7G11xAgVLe6uJP7scLD9WwP1rg/DFyYLzUEBxvk/+vXo2mHfCMVmgasz/9k='
),
(
     7654321,
     'z7654321@ad.unsw.edu.au',
     'Test Man',
     'Mr',
     'CSE',
     'ENG',
     'PhD',
     'hdr',
     null
),
(
    5517229,
    'z5517229@ad.unsw.edu.au',
    'Umar Farooq',
    'Mr',
    'CSE',
    'ENG',
    'Professional',
    'admin',
    '/9j/4AAQSkZJRgABAQEASABIAAD/2wBDAAEBAQEBAQEBAQEBAQEBAQEBAQEBAQEBAQEBAQEBAQEBAQEBAQEBAQEBAQEBAQEBAQEBAQEBAQEBAQEBAQEBAQH/2wBDAQEBAQEBAQEBAQEBAQEBAQEBAQEBAQEBAQEBAQEBAQEBAQEBAQEBAQEBAQEBAQEBAQEBAQEBAQEBAQEBAQEBAQH/wAARCABkAGQDASIAAhEBAxEB/8QAHwAAAQQDAAMBAAAAAAAAAAAACgAGBwkEBQgBAwsC/8QAUxAAAQIDBAUHCAQLBQUJAAAAAwQFAQIGAAcREwgSFCExFSMkQVFhcQkiMzRDgZHwFjJEVCU1QlNkc6GxwdHhClJjdPEXJkVitBhyg4SSoqPU4//EAB0BAAICAgMBAAAAAAAAAAAAAAYHBAUDCAABAgn/xAA+EQABAgMFBAcFBgYDAQAAAAABAxECBCEABQYxQRNRYZEHEhRxgaHwIiNDwdEIJDJCseEVM1NiY/FEUoKy/9oADAMBAAIRAxEAPwCcAjLCbCM0nbvHD56t2/tw7YZE0k8Iy4ZfH+54fztnJhyTRmlmjv8A+7v4d8ffxtkTp5YRljHVl375ppY/PXj2d3CwfaRbEDISMPNy5pvydWX6/wDPrwhxw7bZMkqaBNVU4NCMcuXnGcnRK3owjMXJDnrFh0ycPH1fDav0SzJrS8WnLty0wZ+nR8nPCpw5QVHVbPya1tqQyxyXmDvzgJofdulKuyGMLDT6Xema7aQVWpbrUT0/UzQayrnhS4StKMSx8fuRyw+iryHn022IVIOkJU/RVSXhsitZaZKoRKR6bs/XhblraP8At8vdT3nmoC727ZOuRsNQPNN1g6Oygqxvahs68yNXUbasZ4qk7kBMCAXD1r1XCCy3O+lX5TN2oxYOi7uWuUlRS7RI9ODVmjTyc7k7U27YBMoWAU+sdGj/ABtULdveMnuzd7yqXXVTUlSUzVDaoRmeGl2fqLqRqHAXMugUe0c8ePOt7s344Kuj/ed3PL9GKOUrg3udWJ+UIkMzuj8jKn/B/HNznI8FBtpyf8rj12nJysMKnt93dT5fM287T2Wrnl++756a2s0ojym2lCxQUcqPSGrAynIsb2+ohpSKDDDxa1izI2hGhTA6QjT8MAx9atZNcT5RCgr8XCamqup012b8RIzyIVC9wgsa3V4MEIXhvzvsezHgFQk+9WGHpJ9EldVBXl2DMqGDb2lVKQpEbkQPrgsd2SdSnzujRwS8OFpIR33M4TqimbxjIoWI5FSoZMssiABc5GvRx4BdW0/SOPSsndFVvS2yrSynwj51fPj/AKt1AEoi0aj/AEpm+lS9rrNNpIZOzVgWMRzSmp18nDNLNzc4zIDc5nYxiYEPvEf/AKtrEvJTp51egLo54QxmHT9Sg86b8zVzxvh8MertsPvG/wCea1o0dIuEszsGDKoZxqtuFmkRmS9DVGMs9gq+8Jv0dJ0WFrlPJraZujldro/XX6PNT1PybVFHzVAjUFMHLIEjlUaxyD6b0wEwDbP0bh4WkYdiMqqpCqSl7/wOVN36jS0K80FjsjAX13NkfPn4WtqnSzjUTSzST9uru/j747+GMbbAKMk8/myR+Yb+yEP649VpMUU8kWyo3NsLIsb3BGjckKwcpctaiWizgqg5wPzG/DHf1W3CWlJyS4yj+t9b/XDr6+7fHrsbozXWi6j5607hm794tSxJxfj7vJvPKjd9oZKgJAk2I5f28OrhCytMCilSwLNDIm/9PjZWlbcbvXPiOdsNoWAxzS682p/7d+MfDq6rZ8WaeMvo5o7/AK03N6nv3cd/jacIUaaG6M80ZNbfqp/3dvzHvt7I0oaWOEDTQ/vcwL0fH/TDfu99knCpF1gXzpz9avY02fHy/ew8/ld6yZm6iGWnG2ZUOuGd22xK7tawqNQgbzJDBckCzn/QuWfv6Kq2rDodhnQv0qV3aVk6gap0bViedKMk0SEUj380Y2RtAT+m3fCxVnlq7n19I3QNukFTppRysKpPR9eDmQiIT6POf4nEExujh/Cptnw9a/TEth7dCG5UukXeq+KHZtRI2SkEYyDCQWWoXOhoxyQnOGGGRzuKvCMfHHdCwinkbvkJieVPukPqB8zlXuZrTJG71p6cSlkfjtk51G7hu032bdNXj0nTKSZ2UXTmqGqyTEMR4qRyVLGMIzKs7NMjMnTJ9vTHj+lbVu6JjjZp3pr7xb/F4F5GcMsG1r5JbUbG38l5xM0OTnI8eZTpv32uYl0VgPj43tCu75mDKjIQKVYlcl61wRqM3J2oKJYBM35GR0hJtO1e7G1iVxegbQDBOF4qBDNKE0RyNbSIZVGus4be5LDJ+ePDEyj+NgKf6S5C7torAntluYDsdOWo4Wat2dEk/eSycMcZRRcebCvLwrYbW5bybd894zAF4MhUMKOZcOAzKhlIOT/4OO0e63TEvkz6FQL22gqufVTLeA/M6hzYwLJ9nTupEeeEwg9Zt/2eHXxx6yvG+j6SpZqG0IG2UycY9ckw5MuSJPY8zkcfdx7rc26SWjJR2kFSCVCRU7UrXFLug3u7+tGSUQ3SnnDK9Uzs/nkKnntr/XeqKrAyHSneM7PhJVXYIrTAIqOFOLZV8rMtXodui7LtUWSle2TYH9ZzkMtBXup5hv3sXUXgaO9QKqdfJ4BRNK7Y07gqCUmzJwl5lKsDkRzgQB+KVCbakvPffN1t/dhXNTrghO1UAoXPzo+NdMU+uUSiUOC94fy5KNKzs/RnD20ekR9Vztr6Va3HSe0ZNKBwpZ7SXkVRTtVMNLtMDS1JyWlRvhkwccnlNZkc9tPX8bci6IFb3e3ZX/XKKa5plwdqdp+uGed2GGRKQhlrwv5HRr20yxRz3Jp1gVH+VCo977ua8E5yURj2u2VOtHFAxOufrS2tGJbrVu2eUT2ZRSfJy7eOp5iljdLgLua5Y9H651pvOHLNXzLd3T6OqhjGIY0zhEWcFMH88dMhMJOrjHHpUO20tN1Nyykllmlm1Y/8vV4dfH92FugmqmAiSKm6SfaJmeVOjJDk0rfkjWJQrApAh6SCAEwDB9WVKt3ZhbSzMsAKZpoSzeb28e/v64/1sTwrxwxVpXl8vlrWwbGn1oevmXPkfHfTv5RiSkwzzRm1J9/dD+llaZBt+tLCMJJo49uH8/52VpO3PH1/64DlbAw3evQHK0U/RsfGEk00sZtTWll+cOMcPf2Y216mnARmwyiS4yw1eb9pj2/y6+O+3Rs7FGWE2IppdYkPNll4dvd8wtpFTHNL50Bkl3eb53z7/Hd3qPbR9Tqv4/LnXdwsZ7GDjztWrpz6PlNX+aImkBdlUreZUhXXfPFToxpejqJKgokX0kaFWd+jHbTdH98OGERKfJO0c7T3hVI7tYTfRVCyp1LgsmFzZljkbJClzvVwnjjtHhHHqsfgWkkzwFYzL5Jpm9+RuDCuzpcwfJ7ygMzrCmwj6DIWbRxxwwsLBoHXay6K1yOl9Q1ZUwQlbXK6U149JGalyMqOC+KNIZXQaaGdsyjYXNErbVKRR6rsvhjanxPOKQ4dmUnAK0xDLtqxAPW7oWY5Z03g0wFJwqYhSUYxBBAMwce4OQejn6d9u8aduzalMhHtYqSpwkKPVTqCbORy53Oyv16aIfmNp0Qt6QGTBpqNLGZKn/E60gk8JBn5nmc703Wox/we2wpOk/pAX6uFUPDpV2kVLRKwcqf/AHNu3Rq1jdSudnGRtaxZ6uE8cmHrMYq+ZUdltpojaV97bm9sLC+XmVRVwXog+TZqwQbOQqc2cHakjkI8YmAm6/fCyin8ET6N2i9Ip4KpUBlz4EnKnNuFbbI3Lj2QjvMXWZGYejMERUAORkz0OTedioHadjTB2lxqRGMISDCQKFULMnJwNnfmd/H9vZaKal0l9Geh5JUdS3k0i2kDMORYRc8JSLEw4lyc3JAu+zdvZhaufTNpe9ViuqY6rbKiWEbXBKRS4JWMipO4Tp8oOcXO9t88cNw8QKNnTuzTVDncxVVbNdaPRGpvMqdnRScKgy/J2ly3fg2MTmgo2hT9lFxhvjCVhTBMvecHaJtUDdsCHBpm5pQEDdrlbvF+O5y6z2WRkTtVs9vucaDk7+Du5ttdXdXU3/3B1Khoyt2mpmOsKdJIF2aV4iLEaw3qZXIPrCMED5PjYW+6/R0fmDyi+j7o1VclIqdF1913bVEiFLAkixvM88sbeHbAJs4EEKPj27RC1jGgEmDRVRq6cY6NvGuxqZvV7AYbkZ0fbv6wa/8AiSDONtDeY6YENoSKE35i0iaUjKqui8pJoc6TIG6Z2YaFRo71anMIZE5DNd0q83KSUWT7dShcg7J8Vmy2bOGFkbjnFLvVmdrKIoBYb8xR3fjnTdrZK4xuqYxJIyc9Lyw/iKq+xMuBSrEvyd/1axkh6ZRJJ1aZvFMFLFQoMMM05SE9ayc0xjem7vnCN3RlyDkjqcP+X4x44dn78LO66C9mlb87qbvb6KLTKk1K3oU2krBjSrubWI0bkVYHYFgc9TidNk/evCz0c2oamWYsJPrSd3w8IQ3+PCzYTVTVTSWgV/nMaDRh8/NqWQq6CksssgslsVkCx7xvGu6oe0ByJIwhGEZJYRxjxj4WVnspaZxmJLCWP1ox6oce6yt768O/yP0tiYbvXoDlbdEZ4QkmgMqiEsI+dLr+OPsPn3W1aljkkiOM5FE02Mfql/8Aw/fw3cbSGIZITYZU2rDf8/x3b7YipPNCOvInMSEv5MMoe/wz/wB2GFlJ1zuHn9bEkMcXWFfLL1lW0T1JTa5ZTVUI2syxO5KqXqQLWeVRllC4GYXLY1QTQBGIdmPEMcf+qsOXoq0cvvuoK8inL06vdKgqiqLwCOtaVk7LDcsGWtrMZhRqnIwfTHbdjCn6T/OMCaqequda91kwIKaG4PFNU+1vDelcHATendlCwvMpTLOk5IPTfZff1RHLrGWa4TT50zLpoNgabaHBpunvUp9pCs2xHIx141rCvBW31bPCmddsTbR44wsA40l56OW7ciqdkiyPZ31eEuW5u5zezw6Kp+7AordMymO1rTyK6Eyz+4SRU2yD0Z+Jq+/Ph+//AMmotu/TuwmmnaRfKVqww1Kx25UK6ctkEUxkSqpMkKj8KpvWMf6xtHt3ehsyXfztLg9kaeVs5NI3oWVGJG3sDcH7KHN6R0n/AMrawK8vSHbmZmdAt61Kha8zbFRySiUp1PoQ5WSY/M7Th3fxtXbWmlo03YMLhepXFOKKymmzJ2ukZXkTUORH7Jeb7RkJgYqPVVSqMQx64WDpa8b+vaS7EnHMrbUAbAIFgza5aM44cbO2O58M3SuneU2rCgqkQatWoPEnV6sNdxuEebspLz7n28PJSVUNkl5sKoiUadS1o0vTEps6Pp9h3YfMK/4aIV1tSOxXqg6xdqDdkqzp1PykQODeFRm4c82uXPpPbeHDGNuVm/y8FDsl3CN8SUSpRvnKiholpFcNUob9sMEIjJYrAg/FWwwMo2/3bJ1RYV4/lLaCvne0N6zMga7uauQt7OjdKZp1KpGxuqNGLJWFObITZy6MekbQpS+x91rGXw1i2Rk+sknMIJA9xcGtBoN3+hgnsUYEmp1KBaYllllWYoh2/DQkuBXQ86PYgTR2ueZaHDtFRurlVEqVONMnlVESjJmcc0IggSpwgTZ+75jbhPTqqKVmvYudpqDWnWTVYx3wU8qRkIU5ETG8M2SESM3Rsk8ThR9Xb42cmjzpI/7Q6bbXJvcszbk6NYEmZzkg/bBN+ewBh8MbMO9mdivn0+dG27WC9cYZGmsE1QmZZhEcG9G8CbDAKEJvTHxAZOrTpulbLtGx2ucOSM9MKqQzKhWWcAuSaBneuh/Rn30uJ7wu27Dd87K9nSR2xWGR0UagpXTXnYmrQwu0W3OaIGjPdu7Z0XCnbpabMugom6QJY/CM/bKaPrPRQLQwjtOyx7bdYIpYGly/Nmh8wtlPSAKUIU6UOqlb0qRCnHLLDzE6NAjSIxceZ2YAYp9n/nZtoFkUp5Yx1tWabfCPh/Tq8N9ti5CGFGURSOZA4nIDw8Nwtppe0wZ2fmlovjTK+jV20OvcRkMgdLflazRion8zHvwj39mMLKz3lUJTQzMI+d4fzsrT7V2z4+X72ZQhzzRxwJw6+r54f629hgkwmlwm3SfH567eAxklJhCSMsuP1pjR479/Hh/G2STUlhLPGQc3fuy+P6/fv+Hu3p2ItC41y8f2sUbGGE5EHvBtAdbUJe5B0eKmucvMpu7eonptb2pyWVJRAq0bzI20ud+LTHTc/wDdFCbpUVW6wyvlkkt9+i3pLaJukpexeK3XisN7lE1po81tUjNSoqLb5XFhXxqSlUqxtCdSnOBMA6zZVClVu47JYtrUkJCabJDLLrfHf3nj891q/PKg6IQNNjQfvquNb2dvWV+sa0dW3QuBoi2hovQpsvKLCVG5Gj+DQOeUZuWKE29UlWbJsirfbkEKc8grJzIBTXcBxQEhnyNQWNWLhwxtZ3VeC10zkM+j8EotXOoceJcU5UsIZfLee1OV0tWVGxvCeKxhZ1C8gZZkpFCUiL/BMfnjwBw+Nqj2WhbxL6BIXysX6pJWupE/KScLK2qXAexmj98Ns7cE+P8Aw5NtXbxjG0Fvl6d6FCOj/Qtao3JlqinHB4pWtqdWhgjcGypGfOZ3JA8IzQ4psk2/7ob/ACtu4tF6/wBp50uYabtyvCNHUzLKsCy8rc2zm52PJsTerKQbMoNs+0eEIccLdSdzzGGpbaIo7ZVZeh6r0LMx7tLMaPEsliq8wleM1MISiMuO0S6L1pC/B3r4WcVKaHtHPVLkZJrl7wKsUCVDUparXJn5rUIU4fTiR5wEzf0bEx+xVwtqbxNCRczUq5vlPtDLS7Szt+3uXKFYEdHgxAi2zZUYUgFKfBMAO0O20q+i5OyYqlnRLQ3V+mRpGUvUKyiVJXhCZvmOglY08ypY3z87vK2mMux2FSDpG0dabtxs87wdJ19b7iVVKPTmN6r6sJFCZ0yyC2OmG9ZkhyghD7fh+3cq6yCXN6HZwx/hnAxC1WBb/VM+NbeL2mcFBBWG7k5jbSbMT+ag5nInJ9crdK6LWlMwXYXKUHSyecxK2NK4AIsmm5tEMyrODHx2Hfjw/heR5AynXbSP0/tI7S1OkUGoe5O69ru0Z1xwiWJF95FeYRWJQmNtKdGubWRG5OCxQm6Umzow8Ao0Kipp1jegp+C0jgulG2tI5TFJkqFhcngHn/0jw92F7Ggt5SDTh8l1dFVtydyFFXRvTDVV4Sy8KoKgvOuHvWqB8+lCxrC2rEvKSM7a3rUMcg0Uajjj6l6za8uzD0nd0wpH7O3XYsAKcv1YZWXF/YsnbylJeUidFBEAA1NAwHi2fzpb6PRVUkCETKpJZtfdIbx/XeP3rd378GqrQjgabVjLrRjryxk3j+P8OHujYDt4/tHnlW10Zp29p0d0ZIzebyboo1uoy/8AxnJ8TeHd8LM9X/aE/LMr44tzhdmj1oebM3aJuXqY9pnKo/ndjYh2ERi9ilPVPPJtbBO1H9U8x9LHsTKjBmmklmk1YRjGG/HjZW+f6o8vN5b8pZiSVoyilm/IBou01AcPCE67W7o+G6ytm2S27yH0t1tYN/mPrb6BAZVcPPiIOXJNqTdKFmfH4Y9se22ZOdTlzS5QZd/t1whx+fnfuszRzzBmJNGE02XNrzTcB5fHNtsAiWKkp1kgshuTy4leHEwkbWmww+2G2bhrb+G+MMcYxshL5v66Lhk+1XvPy0mkiPvHaCECWbTI09bjVCUWmlBAgCa7s3yD8TQd9tpMtnlhzsEOrqebLMuzdceb1cx8ffjZmVzXLVRVF1HWj0GWZlpBkUVM4J29ZEbgvG2kiJG1tudDcue3QqRmSdW1LNqxxTWwZqjZVRpw0yBReGvlmy5l8ZyslCtxIcCK3csNoeIRhCE2Q2plaZVDGEVMOMNLX6JRUl3NcNLjBCpcFMyM0qVAnKNsh9HFKR4bWxGA208wmUJCHS7ukxjww6NDXK//ALRFzC8pW6MMK9r2x+8T6xGwQYt7hh706Dvsd3DgWcml0o7wBSlVjLAy5BB6pXhcl/aAAOvefZYkAby02ifeAS+180mXluY5q4vh/wB6L3qXott2OnqYeHIXQ2thDkJs4DIxhRt9QuCmG1KnQLgr6VagdKvXMCuYQ1OqFQQaaUg5ojyRwFuLu4H4p4J7HYabSRtvIM7JlkBmlcJdcZJsrM9t2/4/Ru/j22GHvq0Pqfd3ZZM2E+iz0EhPOlHmNawmbjmmD7E++HSI9vdbY7o/6RUbzk0pW9iIlAISImp+Uu7V7gRplpMxv0br3bMdsuV1D2ce4FM2FcvFyM+Nq35LxjFAqIVctmmTzDkGoWKMxZOQMckJc4x9oyE33bqw90NH9IV9RayVLIYmsoHJqDlzM4iPng8OOywwUdnXaUn7RevQQqJUcaUUPCVQoJJIrYVQlCdSPOzg52dsygHdjaxTRj0QGujG9trmukEiiolxtdPTaqQREbJ7EKo3DONu/ZHjZozWILmu+X7QmoFjRmILZaPx4Md1lxd2G79vWaSko3QD/eHfL2X8e8nOtp68mNooKVFXUrezeG2yEUN6xGvplvWJ8wnWE69YjMDZzcwY2xp/vWz2J7X6PrLpUtVXQZXinaNvEu3fGOmLxKLGJUOn6hHWCUzld7W9N7bsydnUVK1JFjO7M6noqp+Z47Gr6TvrguUO30zI1xmnHKomMnxwGJOP0vM5IY8U/Xs/f2WuQ0Y4IX6n9Ju8VFONShfQXYXXo1oxiIndny7ABnEykPBOs5NdqgCDacIw3KNkVw2bdrbjfpWvXC0wriCVLQolxLL/AB5cVWAbXcaZ5tm7Ieje7Zm5EruCX3ugcO+3JQBJ4B3LaVfdx+PyStUx8w7qSU0025Pyflkk7eZL+zw7rOBL5It+1fPdVE+rNqTyytuZGPD57uzG11CF4qOVtSp2xzRgHCUZhsr8FU4Mc/Nb0BlmfygzgU/n231Xf4W56v5pnSOdwkeblb3qquvdZiDjC7msFSCoLtFOMYhMWkL025ApqBl2nco5Pq1i2bGMUm1Q2mGNlgb7VWDcUTKMnPzAuiaWYHt7Qy7jq+5Cx4kUNeLZKbEPRXflwlSOBMzaRy2DlhSpplnuAq+61egvJCOhJYzTr18ZozRxjBvNh/09lbKeai8piwrytq1yvHMcMJYxNT7wgfGc0s2OqRC5MiZ1RHDNhHCO0ymhhzgR4y6ytsHDjXD8cMMQvm7GiAiH3qXyIhI5h+NeAcANzzgLGWmQ2hB4fv6zvRvPVjoOiJauakCJa6mVJkw5HiVSrQJZ5iwlmViQiUpQmUxhNHcvgsS/o1mxLS6Go2tirGr1blWTsZOI6RLUaqCin2eaIeDPS6ISCnkM26HSZWydbHjFTGNlZW+UP2i5+ejvbYxzk3GiXdKOYWiTOWcBjMJ5W2AwZBAYIyYISRMsCYQSB7FAWoLOdSeeWUMsmrJLqwhJJJLCWUMMIehhD0fu/daOHRaphE08CRhMVKWaeMN2JE5I5Rf1kv8Ae4d1lZWQNxk9qQqfxKf/ACLO+6oIP+sP4oPyj+3hahnTxp1rp685LFqFMmDVLBJUzkjhGWKMbznElKqRA1IQSyqYTR2gEsZgE3c3Lhal6+lAmnPIaMmBNWMdaWEkMd3X5scbKyt9B8CRRfw67z1i5l5dy5cuA/PW2O//AOWvwmAB3dYUtDLamEmOlyZYjlnIn1xyx8ybjxl/raXUS4861JJHUhLJHCSWWTCEsIxjw393XZWVmsqT1UqnTU7zYJSggEYaGEd0IGo4Wdt4db1HSlFVE8Mq6KdegYzxRFmlzIJiFkIKUwpIxhLAqeaaJ080cYDPgSMJoQ1bFJ3NUkzXa3L3AXYUwIwqbS0OyPymdWXaHR4e3JhFVrs7PCyWUUite6PaxQoVnkAGMsk+UkglkhZWVkB06k/weXqa9ofjSX+p5mxlhmswo9WiLPVmFOWlusGaeaCZHvxxmwjrb8ebwxj34WkRuWqU8ITBJGTCeeEJYYwl9F+VDHnI9ubr/shZWVtIFYooYBECQQi4IJBBpVxW1/fAEUDRAEdU0IBH5RkaZE87bWUTathFQqY2M555o65SNaeM8+HXNGEsIRj34WVlZW9pXreYTga8Z/KH/mTH+P8AyWA45OUCkYErLt1z8BLfB/bb/9k='
);
